/* Generated by cmd/svg-to-bytecode.ts — do not edit.

   Every file in assets/icons, converted to the draw-op byte stream
   src/gpui/drawops.h describes: one array with all of them end to end,
   and the slice of it each icon is. Re-run the generator after adding,
   removing or changing an icon. */

#include "gpui/asset_icons.h"

namespace gpui {

const uint8_t kAssetIconsData[] = {
    // a-large-small @ 0, 232 bytes
    0x01, 0x00, 0x00, 0x00, 0x00, 0x00, 0x00, 0x00, 0x00, 0x00, 0x00, 0x00, 0xc0, 0x41, 0x00, 0x00,
    0xc0, 0x41, 0x02, 0x00, 0x00, 0x00, 0x00, 0x40, 0x0b, 0x00, 0x00, 0x00, 0x70, 0x41, 0x00, 0x00,
    0x80, 0x41, 0x0c, 0x00, 0xba, 0x49, 0x8c, 0x41, 0x83, 0xc0, 0x0a, 0x41, 0x0d, 0x00, 0x0a, 0x6c,
    0x8d, 0x41, 0x4c, 0x31, 0x04, 0x41, 0x9f, 0x87, 0x90, 0x41, 0xc3, 0x87, 0xff, 0x40, 0x00, 0x00,
    0x94, 0x41, 0xc3, 0x87, 0xff, 0x40, 0x0d, 0x00, 0x61, 0x78, 0x97, 0x41, 0xc3, 0x87, 0xff, 0x40,
    0xf6, 0x93, 0x9a, 0x41, 0x4c, 0x31, 0x04, 0x41, 0x46, 0xb6, 0x9b, 0x41, 0x83, 0xc0, 0x0a, 0x41,
    0x0c, 0x00, 0x00, 0x00, 0xb0, 0x41, 0x00, 0x00, 0x80, 0x41, 0x0b, 0x00, 0xe9, 0x26, 0x7b, 0x41,
    0x00, 0x00, 0x60, 0x41, 0x0c, 0x00, 0x8b, 0x6c, 0xaa, 0x41, 0x00, 0x00, 0x60, 0x41, 0x0b, 0x00,
    0x00, 0x00, 0x00, 0x40, 0x00, 0x00, 0x80, 0x41, 0x0c, 0x00, 0x7d, 0x3f, 0xc1, 0x40, 0x85, 0xeb,
    0xc9, 0x40, 0x0d, 0x00, 0x64, 0xba, 0xc3, 0x40, 0x9d, 0xf8, 0xc3, 0x40, 0x25, 0x92, 0xc9, 0x40,
    0xa9, 0x13, 0xc0, 0x40, 0x19, 0x04, 0xd0, 0x40, 0xa9, 0x13, 0xc0, 0x40, 0x0d, 0x00, 0x0d, 0x76,
    0xd6, 0x40, 0xa9, 0x13, 0xc0, 0x40, 0xcd, 0x4d, 0xdc, 0x40, 0x9d, 0xf8, 0xc3, 0x40, 0xb4, 0xc8,
    0xde, 0x40, 0x85, 0xeb, 0xc9, 0x40, 0x0c, 0x00, 0x00, 0x00, 0x30, 0x41, 0x00, 0x00, 0x80, 0x41,
    0x0b, 0x00, 0xbc, 0x74, 0x53, 0x40, 0x00, 0x00, 0x50, 0x41, 0x0c, 0x00, 0xd1, 0x22, 0x1b, 0x41,
    0x00, 0x00, 0x50, 0x41, 0x10, 0x00, 0x00, 0x00,
    // arrow-down @ 232, 78 bytes
    0x01, 0x00, 0x00, 0x00, 0x00, 0x00, 0x00, 0x00, 0x00, 0x00, 0x00, 0x00, 0xc0, 0x41, 0x00, 0x00,
    0xc0, 0x41, 0x02, 0x00, 0x00, 0x00, 0x00, 0x40, 0x0b, 0x00, 0x00, 0x00, 0x40, 0x41, 0x00, 0x00,
    0xa0, 0x40, 0x0c, 0x00, 0x00, 0x00, 0x40, 0x41, 0x00, 0x00, 0x98, 0x41, 0x0b, 0x00, 0x00, 0x00,
    0x98, 0x41, 0x00, 0x00, 0x40, 0x41, 0x0c, 0x00, 0x00, 0x00, 0x40, 0x41, 0x00, 0x00, 0x98, 0x41,
    0x0c, 0x00, 0x00, 0x00, 0xa0, 0x40, 0x00, 0x00, 0x40, 0x41, 0x10, 0x00, 0x00, 0x00,
    // arrow-left @ 310, 78 bytes
    0x01, 0x00, 0x00, 0x00, 0x00, 0x00, 0x00, 0x00, 0x00, 0x00, 0x00, 0x00, 0xc0, 0x41, 0x00, 0x00,
    0xc0, 0x41, 0x02, 0x00, 0x00, 0x00, 0x00, 0x40, 0x0b, 0x00, 0x00, 0x00, 0x40, 0x41, 0x00, 0x00,
    0x98, 0x41, 0x0c, 0x00, 0x00, 0x00, 0xa0, 0x40, 0x00, 0x00, 0x40, 0x41, 0x0c, 0x00, 0x00, 0x00,
    0x40, 0x41, 0x00, 0x00, 0xa0, 0x40, 0x0b, 0x00, 0x00, 0x00, 0x98, 0x41, 0x00, 0x00, 0x40, 0x41,
    0x0c, 0x00, 0x00, 0x00, 0xa0, 0x40, 0x00, 0x00, 0x40, 0x41, 0x10, 0x00, 0x00, 0x00,
    // arrow-right @ 388, 78 bytes
    0x01, 0x00, 0x00, 0x00, 0x00, 0x00, 0x00, 0x00, 0x00, 0x00, 0x00, 0x00, 0xc0, 0x41, 0x00, 0x00,
    0xc0, 0x41, 0x02, 0x00, 0x00, 0x00, 0x00, 0x40, 0x0b, 0x00, 0x00, 0x00, 0xa0, 0x40, 0x00, 0x00,
    0x40, 0x41, 0x0c, 0x00, 0x00, 0x00, 0x98, 0x41, 0x00, 0x00, 0x40, 0x41, 0x0b, 0x00, 0x00, 0x00,
    0x40, 0x41, 0x00, 0x00, 0xa0, 0x40, 0x0c, 0x00, 0x00, 0x00, 0x98, 0x41, 0x00, 0x00, 0x40, 0x41,
    0x0c, 0x00, 0x00, 0x00, 0x40, 0x41, 0x00, 0x00, 0x98, 0x41, 0x10, 0x00, 0x00, 0x00,
    // arrow-up @ 466, 78 bytes
    0x01, 0x00, 0x00, 0x00, 0x00, 0x00, 0x00, 0x00, 0x00, 0x00, 0x00, 0x00, 0xc0, 0x41, 0x00, 0x00,
    0xc0, 0x41, 0x02, 0x00, 0x00, 0x00, 0x00, 0x40, 0x0b, 0x00, 0x00, 0x00, 0xa0, 0x40, 0x00, 0x00,
    0x40, 0x41, 0x0c, 0x00, 0x00, 0x00, 0x40, 0x41, 0x00, 0x00, 0xa0, 0x40, 0x0c, 0x00, 0x00, 0x00,
    0x98, 0x41, 0x00, 0x00, 0x40, 0x41, 0x0b, 0x00, 0x00, 0x00, 0x40, 0x41, 0x00, 0x00, 0x98, 0x41,
    0x0c, 0x00, 0x00, 0x00, 0x40, 0x41, 0x00, 0x00, 0xa0, 0x40, 0x10, 0x00, 0x00, 0x00,
    // asterisk @ 544, 88 bytes
    0x01, 0x00, 0x00, 0x00, 0x00, 0x00, 0x00, 0x00, 0x00, 0x00, 0x00, 0x00, 0xc0, 0x41, 0x00, 0x00,
    0xc0, 0x41, 0x02, 0x00, 0x00, 0x00, 0x00, 0x40, 0x0b, 0x00, 0x00, 0x00, 0x40, 0x41, 0x00, 0x00,
    0xa0, 0x40, 0x0c, 0x00, 0x00, 0x00, 0x40, 0x41, 0x00, 0x00, 0x98, 0x41, 0x0b, 0x00, 0x1f, 0x85,
    0x90, 0x41, 0x9e, 0xef, 0x07, 0x41, 0x0c, 0x00, 0x7b, 0x14, 0xbe, 0x40, 0x9e, 0xef, 0x77, 0x41,
    0x0b, 0x00, 0x7b, 0x14, 0xbe, 0x40, 0x62, 0x10, 0x08, 0x41, 0x0c, 0x00, 0x1f, 0x85, 0x90, 0x41,
    0x62, 0x10, 0x78, 0x41, 0x10, 0x00, 0x00, 0x00,
    // at-sign @ 632, 370 bytes
    0x01, 0x00, 0x00, 0x00, 0x00, 0x00, 0x00, 0x00, 0x00, 0x00, 0x00, 0x00, 0xc0, 0x41, 0x00, 0x00,
    0xc0, 0x41, 0x02, 0x00, 0x00, 0x00, 0x00, 0x40, 0x0b, 0x00, 0x00, 0x00, 0x40, 0x41, 0x00, 0x00,
    0x00, 0x41, 0x0c, 0x00, 0x00, 0x00, 0x40, 0x41, 0x00, 0x00, 0x00, 0x41, 0x0d, 0x00, 0xa2, 0x58,
    0x63, 0x41, 0x00, 0x00, 0x00, 0x41, 0x00, 0x00, 0x80, 0x41, 0x5e, 0xa7, 0x1c, 0x41, 0x00, 0x00,
    0x80, 0x41, 0x00, 0x00, 0x40, 0x41, 0x0c, 0x00, 0x00, 0x00, 0x80, 0x41, 0x00, 0x00, 0x40, 0x41,
    0x0d, 0x00, 0x00, 0x00, 0x80, 0x41, 0xa2, 0x58, 0x63, 0x41, 0xa2, 0x58, 0x63, 0x41, 0x00, 0x00,
    0x80, 0x41, 0x00, 0x00, 0x40, 0x41, 0x00, 0x00, 0x80, 0x41, 0x0c, 0x00, 0x00, 0x00, 0x40, 0x41,
    0x00, 0x00, 0x80, 0x41, 0x0d, 0x00, 0x5e, 0xa7, 0x1c, 0x41, 0x00, 0x00, 0x80, 0x41, 0x00, 0x00,
    0x00, 0x41, 0xa2, 0x58, 0x63, 0x41, 0x00, 0x00, 0x00, 0x41, 0x00, 0x00, 0x40, 0x41, 0x0c, 0x00,
    0x00, 0x00, 0x00, 0x41, 0x00, 0x00, 0x40, 0x41, 0x0d, 0x00, 0x00, 0x00, 0x00, 0x41, 0x5e, 0xa7,
    0x1c, 0x41, 0x5e, 0xa7, 0x1c, 0x41, 0x00, 0x00, 0x00, 0x41, 0x00, 0x00, 0x40, 0x41, 0x00, 0x00,
    0x00, 0x41, 0x0e, 0x00, 0x0b, 0x00, 0x00, 0x00, 0x80, 0x41, 0x00, 0x00, 0x00, 0x41, 0x0c, 0x00,
    0x00, 0x00, 0x80, 0x41, 0x00, 0x00, 0x50, 0x41, 0x0d, 0x00, 0x00, 0x00, 0x80, 0x41, 0xff, 0x54,
    0x6a, 0x41, 0x80, 0xd5, 0x8a, 0x41, 0x00, 0x00, 0x80, 0x41, 0x00, 0x00, 0x98, 0x41, 0x00, 0x00,
    0x80, 0x41, 0x0d, 0x00, 0x80, 0x2a, 0xa5, 0x41, 0x00, 0x00, 0x80, 0x41, 0x00, 0x00, 0xb0, 0x41,
    0xff, 0x54, 0x6a, 0x41, 0x00, 0x00, 0xb0, 0x41, 0x00, 0x00, 0x50, 0x41, 0x0c, 0x00, 0x00, 0x00,
    0xb0, 0x41, 0x00, 0x00, 0x40, 0x41, 0x0d, 0x00, 0x00, 0x00, 0xb0, 0x41, 0xaf, 0x19, 0xec, 0x40,
    0xb5, 0x5d, 0x96, 0x41, 0xd7, 0x14, 0x55, 0x40, 0xae, 0xc2, 0x64, 0x41, 0xe3, 0x1e, 0x11, 0x40,
    0x0d, 0x00, 0xf3, 0xc9, 0x1c, 0x41, 0xdc, 0x51, 0x9a, 0x3f, 0x11, 0xed, 0xa3, 0x40, 0x5a, 0x36,
    0x59, 0x40, 0x0d, 0x91, 0x43, 0x40, 0x43, 0xe4, 0xf0, 0x40, 0x0d, 0x00, 0xd9, 0x1f, 0x7d, 0x3f,
    0xad, 0x96, 0x3a, 0x41, 0x38, 0xd2, 0x02, 0x40, 0x82, 0xba, 0x85, 0x41, 0xf8, 0xf5, 0xb2, 0x40,
    0x8e, 0x6b, 0x9d, 0x41, 0x0d, 0x00, 0x6a, 0x41, 0x12, 0x41, 0x9a, 0x1c, 0xb5, 0x41, 0x13, 0xd7,
    0x64, 0x41, 0x59, 0x2f, 0xb6, 0x41, 0x00, 0x00, 0x90, 0x41, 0x00, 0x00, 0xa0, 0x41, 0x10, 0x00,
    0x00, 0x00,
    // ban @ 1002, 204 bytes
    0x01, 0x00, 0x00, 0x00, 0x00, 0x00, 0x00, 0x00, 0x00, 0x00, 0x00, 0x00, 0xc0, 0x41, 0x00, 0x00,
    0xc0, 0x41, 0x02, 0x00, 0x00, 0x00, 0x00, 0x40, 0x0b, 0x00, 0x00, 0x00, 0x40, 0x41, 0x00, 0x00,
    0x00, 0x40, 0x0c, 0x00, 0x00, 0x00, 0x40, 0x41, 0x00, 0x00, 0x00, 0x40, 0x0d, 0x00, 0xcb, 0x2e,
    0x8c, 0x41, 0x00, 0x00, 0x00, 0x40, 0x00, 0x00, 0xb0, 0x41, 0xd5, 0x44, 0xcf, 0x40, 0x00, 0x00,
    0xb0, 0x41, 0x00, 0x00, 0x40, 0x41, 0x0c, 0x00, 0x00, 0x00, 0xb0, 0x41, 0x00, 0x00, 0x40, 0x41,
    0x0d, 0x00, 0x00, 0x00, 0xb0, 0x41, 0xcb, 0x2e, 0x8c, 0x41, 0xcb, 0x2e, 0x8c, 0x41, 0x00, 0x00,
    0xb0, 0x41, 0x00, 0x00, 0x40, 0x41, 0x00, 0x00, 0xb0, 0x41, 0x0c, 0x00, 0x00, 0x00, 0x40, 0x41,
    0x00, 0x00, 0xb0, 0x41, 0x0d, 0x00, 0xd5, 0x44, 0xcf, 0x40, 0x00, 0x00, 0xb0, 0x41, 0x00, 0x00,
    0x00, 0x40, 0xcb, 0x2e, 0x8c, 0x41, 0x00, 0x00, 0x00, 0x40, 0x00, 0x00, 0x40, 0x41, 0x0c, 0x00,
    0x00, 0x00, 0x00, 0x40, 0x00, 0x00, 0x40, 0x41, 0x0d, 0x00, 0x00, 0x00, 0x00, 0x40, 0xd5, 0x44,
    0xcf, 0x40, 0xd5, 0x44, 0xcf, 0x40, 0x00, 0x00, 0x00, 0x40, 0x00, 0x00, 0x40, 0x41, 0x00, 0x00,
    0x00, 0x40, 0x0e, 0x00, 0x0b, 0x00, 0x5e, 0xba, 0x9d, 0x40, 0x5e, 0xba, 0x9d, 0x40, 0x0c, 0x00,
    0x5c, 0x8f, 0x98, 0x41, 0x68, 0x91, 0x98, 0x41, 0x10, 0x00, 0x00, 0x00,
    // battery @ 1206, 204 bytes
    0x01, 0x00, 0x00, 0x00, 0x00, 0x00, 0x00, 0x00, 0x00, 0x00, 0x00, 0x00, 0xc0, 0x41, 0x00, 0x00,
    0xc0, 0x41, 0x02, 0x00, 0x00, 0x00, 0x00, 0x40, 0x0b, 0x00, 0x00, 0x00, 0xb0, 0x41, 0x00, 0x00,
    0x60, 0x41, 0x0c, 0x00, 0x00, 0x00, 0xb0, 0x41, 0x00, 0x00, 0x20, 0x41, 0x0b, 0x00, 0x00, 0x00,
    0x80, 0x40, 0x00, 0x00, 0xc0, 0x40, 0x0c, 0x00, 0x00, 0x00, 0x80, 0x41, 0x00, 0x00, 0xc0, 0x40,
    0x0d, 0x00, 0x29, 0xd6, 0x88, 0x41, 0x00, 0x00, 0xc0, 0x40, 0x00, 0x00, 0x90, 0x41, 0x5e, 0xa7,
    0xdc, 0x40, 0x00, 0x00, 0x90, 0x41, 0x00, 0x00, 0x00, 0x41, 0x0c, 0x00, 0x00, 0x00, 0x90, 0x41,
    0x00, 0x00, 0x80, 0x41, 0x0d, 0x00, 0x00, 0x00, 0x90, 0x41, 0x29, 0xd6, 0x88, 0x41, 0x29, 0xd6,
    0x88, 0x41, 0x00, 0x00, 0x90, 0x41, 0x00, 0x00, 0x80, 0x41, 0x00, 0x00, 0x90, 0x41, 0x0c, 0x00,
    0x00, 0x00, 0x80, 0x40, 0x00, 0x00, 0x90, 0x41, 0x0d, 0x00, 0xbc, 0x4e, 0x39, 0x40, 0x00, 0x00,
    0x90, 0x41, 0x00, 0x00, 0x00, 0x40, 0x29, 0xd6, 0x88, 0x41, 0x00, 0x00, 0x00, 0x40, 0x00, 0x00,
    0x80, 0x41, 0x0c, 0x00, 0x00, 0x00, 0x00, 0x40, 0x00, 0x00, 0x00, 0x41, 0x0d, 0x00, 0x00, 0x00,
    0x00, 0x40, 0x5e, 0xa7, 0xdc, 0x40, 0xbc, 0x4e, 0x39, 0x40, 0x00, 0x00, 0xc0, 0x40, 0x00, 0x00,
    0x80, 0x40, 0x00, 0x00, 0xc0, 0x40, 0x0e, 0x00, 0x10, 0x00, 0x00, 0x00,
    // battery-charging @ 1410, 272 bytes
    0x01, 0x00, 0x00, 0x00, 0x00, 0x00, 0x00, 0x00, 0x00, 0x00, 0x00, 0x00, 0xc0, 0x41, 0x00, 0x00,
    0xc0, 0x41, 0x02, 0x00, 0x00, 0x00, 0x00, 0x40, 0x0b, 0x00, 0x00, 0x00, 0x30, 0x41, 0x00, 0x00,
    0xe0, 0x40, 0x0c, 0x00, 0x00, 0x00, 0x00, 0x41, 0x00, 0x00, 0x40, 0x41, 0x0c, 0x00, 0x00, 0x00,
    0x40, 0x41, 0x00, 0x00, 0x40, 0x41, 0x0c, 0x00, 0x00, 0x00, 0x10, 0x41, 0x00, 0x00, 0x88, 0x41,
    0x0b, 0x00, 0x2d, 0xb2, 0x6d, 0x41, 0x00, 0x00, 0xc0, 0x40, 0x0c, 0x00, 0x00, 0x00, 0x80, 0x41,
    0x00, 0x00, 0xc0, 0x40, 0x0d, 0x00, 0x00, 0xc7, 0x88, 0x41, 0x00, 0x00, 0xc0, 0x40, 0x00, 0x00,
    0x90, 0x41, 0x01, 0xe4, 0xdc, 0x40, 0x00, 0x00, 0x90, 0x41, 0x00, 0x00, 0x00, 0x41, 0x0c, 0x00,
    0x00, 0x00, 0x90, 0x41, 0x00, 0x00, 0x80, 0x41, 0x0d, 0x00, 0x00, 0x00, 0x90, 0x41, 0x00, 0xc7,
    0x88, 0x41, 0x00, 0xc7, 0x88, 0x41, 0x00, 0x00, 0x90, 0x41, 0x00, 0x00, 0x80, 0x41, 0x00, 0x00,
    0x90, 0x41, 0x0c, 0x00, 0x3d, 0x0a, 0x51, 0x41, 0x00, 0x00, 0x90, 0x41, 0x0b, 0x00, 0x00, 0x00,
    0xb0, 0x41, 0x00, 0x00, 0x60, 0x41, 0x0c, 0x00, 0x00, 0x00, 0xb0, 0x41, 0x00, 0x00, 0x20, 0x41,
    0x0b, 0x00, 0xe1, 0x7a, 0xa4, 0x40, 0x00, 0x00, 0x90, 0x41, 0x0c, 0x00, 0x00, 0x00, 0x80, 0x40,
    0x00, 0x00, 0x90, 0x41, 0x0d, 0x00, 0x02, 0xc8, 0x39, 0x40, 0x00, 0x00, 0x90, 0x41, 0x00, 0x00,
    0x00, 0x40, 0x00, 0xc7, 0x88, 0x41, 0x00, 0x00, 0x00, 0x40, 0x00, 0x00, 0x80, 0x41, 0x0c, 0x00,
    0x00, 0x00, 0x00, 0x40, 0x00, 0x00, 0x00, 0x41, 0x0d, 0x00, 0x00, 0x00, 0x00, 0x40, 0x01, 0xe4,
    0xdc, 0x40, 0x02, 0xc8, 0x39, 0x40, 0x00, 0x00, 0xc0, 0x40, 0x00, 0x00, 0x80, 0x40, 0x00, 0x00,
    0xc0, 0x40, 0x0c, 0x00, 0xb6, 0xf3, 0xdd, 0x40, 0x00, 0x00, 0xc0, 0x40, 0x10, 0x00, 0x00, 0x00,
    // battery-full @ 1682, 264 bytes
    0x01, 0x00, 0x00, 0x00, 0x00, 0x00, 0x00, 0x00, 0x00, 0x00, 0x00, 0x00, 0xc0, 0x41, 0x00, 0x00,
    0xc0, 0x41, 0x02, 0x00, 0x00, 0x00, 0x00, 0x40, 0x0b, 0x00, 0x00, 0x00, 0x20, 0x41, 0x00, 0x00,
    0x20, 0x41, 0x0c, 0x00, 0x00, 0x00, 0x20, 0x41, 0x00, 0x00, 0x60, 0x41, 0x0b, 0x00, 0x00, 0x00,
    0x60, 0x41, 0x00, 0x00, 0x20, 0x41, 0x0c, 0x00, 0x00, 0x00, 0x60, 0x41, 0x00, 0x00, 0x60, 0x41,
    0x0b, 0x00, 0x00, 0x00, 0xb0, 0x41, 0x00, 0x00, 0x60, 0x41, 0x0c, 0x00, 0x00, 0x00, 0xb0, 0x41,
    0x00, 0x00, 0x20, 0x41, 0x0b, 0x00, 0x00, 0x00, 0xc0, 0x40, 0x00, 0x00, 0x20, 0x41, 0x0c, 0x00,
    0x00, 0x00, 0xc0, 0x40, 0x00, 0x00, 0x60, 0x41, 0x0b, 0x00, 0x00, 0x00, 0x80, 0x40, 0x00, 0x00,
    0xc0, 0x40, 0x0c, 0x00, 0x00, 0x00, 0x80, 0x41, 0x00, 0x00, 0xc0, 0x40, 0x0d, 0x00, 0x29, 0xd6,
    0x88, 0x41, 0x00, 0x00, 0xc0, 0x40, 0x00, 0x00, 0x90, 0x41, 0x5e, 0xa7, 0xdc, 0x40, 0x00, 0x00,
    0x90, 0x41, 0x00, 0x00, 0x00, 0x41, 0x0c, 0x00, 0x00, 0x00, 0x90, 0x41, 0x00, 0x00, 0x80, 0x41,
    0x0d, 0x00, 0x00, 0x00, 0x90, 0x41, 0x29, 0xd6, 0x88, 0x41, 0x29, 0xd6, 0x88, 0x41, 0x00, 0x00,
    0x90, 0x41, 0x00, 0x00, 0x80, 0x41, 0x00, 0x00, 0x90, 0x41, 0x0c, 0x00, 0x00, 0x00, 0x80, 0x40,
    0x00, 0x00, 0x90, 0x41, 0x0d, 0x00, 0xbc, 0x4e, 0x39, 0x40, 0x00, 0x00, 0x90, 0x41, 0x00, 0x00,
    0x00, 0x40, 0x29, 0xd6, 0x88, 0x41, 0x00, 0x00, 0x00, 0x40, 0x00, 0x00, 0x80, 0x41, 0x0c, 0x00,
    0x00, 0x00, 0x00, 0x40, 0x00, 0x00, 0x00, 0x41, 0x0d, 0x00, 0x00, 0x00, 0x00, 0x40, 0x5e, 0xa7,
    0xdc, 0x40, 0xbc, 0x4e, 0x39, 0x40, 0x00, 0x00, 0xc0, 0x40, 0x00, 0x00, 0x80, 0x40, 0x00, 0x00,
    0xc0, 0x40, 0x0e, 0x00, 0x10, 0x00, 0x00, 0x00,
    // battery-low @ 1946, 224 bytes
    0x01, 0x00, 0x00, 0x00, 0x00, 0x00, 0x00, 0x00, 0x00, 0x00, 0x00, 0x00, 0xc0, 0x41, 0x00, 0x00,
    0xc0, 0x41, 0x02, 0x00, 0x00, 0x00, 0x00, 0x40, 0x0b, 0x00, 0x00, 0x00, 0xb0, 0x41, 0x00, 0x00,
    0x60, 0x41, 0x0c, 0x00, 0x00, 0x00, 0xb0, 0x41, 0x00, 0x00, 0x20, 0x41, 0x0b, 0x00, 0x00, 0x00,
    0xc0, 0x40, 0x00, 0x00, 0x60, 0x41, 0x0c, 0x00, 0x00, 0x00, 0xc0, 0x40, 0x00, 0x00, 0x20, 0x41,
    0x0b, 0x00, 0x00, 0x00, 0x80, 0x40, 0x00, 0x00, 0xc0, 0x40, 0x0c, 0x00, 0x00, 0x00, 0x80, 0x41,
    0x00, 0x00, 0xc0, 0x40, 0x0d, 0x00, 0x29, 0xd6, 0x88, 0x41, 0x00, 0x00, 0xc0, 0x40, 0x00, 0x00,
    0x90, 0x41, 0x5e, 0xa7, 0xdc, 0x40, 0x00, 0x00, 0x90, 0x41, 0x00, 0x00, 0x00, 0x41, 0x0c, 0x00,
    0x00, 0x00, 0x90, 0x41, 0x00, 0x00, 0x80, 0x41, 0x0d, 0x00, 0x00, 0x00, 0x90, 0x41, 0x29, 0xd6,
    0x88, 0x41, 0x29, 0xd6, 0x88, 0x41, 0x00, 0x00, 0x90, 0x41, 0x00, 0x00, 0x80, 0x41, 0x00, 0x00,
    0x90, 0x41, 0x0c, 0x00, 0x00, 0x00, 0x80, 0x40, 0x00, 0x00, 0x90, 0x41, 0x0d, 0x00, 0xbc, 0x4e,
    0x39, 0x40, 0x00, 0x00, 0x90, 0x41, 0x00, 0x00, 0x00, 0x40, 0x29, 0xd6, 0x88, 0x41, 0x00, 0x00,
    0x00, 0x40, 0x00, 0x00, 0x80, 0x41, 0x0c, 0x00, 0x00, 0x00, 0x00, 0x40, 0x00, 0x00, 0x00, 0x41,
    0x0d, 0x00, 0x00, 0x00, 0x00, 0x40, 0x5e, 0xa7, 0xdc, 0x40, 0xbc, 0x4e, 0x39, 0x40, 0x00, 0x00,
    0xc0, 0x40, 0x00, 0x00, 0x80, 0x40, 0x00, 0x00, 0xc0, 0x40, 0x0e, 0x00, 0x10, 0x00, 0x00, 0x00,
    // battery-medium @ 2170, 244 bytes
    0x01, 0x00, 0x00, 0x00, 0x00, 0x00, 0x00, 0x00, 0x00, 0x00, 0x00, 0x00, 0xc0, 0x41, 0x00, 0x00,
    0xc0, 0x41, 0x02, 0x00, 0x00, 0x00, 0x00, 0x40, 0x0b, 0x00, 0x00, 0x00, 0x20, 0x41, 0x00, 0x00,
    0x60, 0x41, 0x0c, 0x00, 0x00, 0x00, 0x20, 0x41, 0x00, 0x00, 0x20, 0x41, 0x0b, 0x00, 0x00, 0x00,
    0xb0, 0x41, 0x00, 0x00, 0x60, 0x41, 0x0c, 0x00, 0x00, 0x00, 0xb0, 0x41, 0x00, 0x00, 0x20, 0x41,
    0x0b, 0x00, 0x00, 0x00, 0xc0, 0x40, 0x00, 0x00, 0x60, 0x41, 0x0c, 0x00, 0x00, 0x00, 0xc0, 0x40,
    0x00, 0x00, 0x20, 0x41, 0x0b, 0x00, 0x00, 0x00, 0x80, 0x40, 0x00, 0x00, 0xc0, 0x40, 0x0c, 0x00,
    0x00, 0x00, 0x80, 0x41, 0x00, 0x00, 0xc0, 0x40, 0x0d, 0x00, 0x29, 0xd6, 0x88, 0x41, 0x00, 0x00,
    0xc0, 0x40, 0x00, 0x00, 0x90, 0x41, 0x5e, 0xa7, 0xdc, 0x40, 0x00, 0x00, 0x90, 0x41, 0x00, 0x00,
    0x00, 0x41, 0x0c, 0x00, 0x00, 0x00, 0x90, 0x41, 0x00, 0x00, 0x80, 0x41, 0x0d, 0x00, 0x00, 0x00,
    0x90, 0x41, 0x29, 0xd6, 0x88, 0x41, 0x29, 0xd6, 0x88, 0x41, 0x00, 0x00, 0x90, 0x41, 0x00, 0x00,
    0x80, 0x41, 0x00, 0x00, 0x90, 0x41, 0x0c, 0x00, 0x00, 0x00, 0x80, 0x40, 0x00, 0x00, 0x90, 0x41,
    0x0d, 0x00, 0xbc, 0x4e, 0x39, 0x40, 0x00, 0x00, 0x90, 0x41, 0x00, 0x00, 0x00, 0x40, 0x29, 0xd6,
    0x88, 0x41, 0x00, 0x00, 0x00, 0x40, 0x00, 0x00, 0x80, 0x41, 0x0c, 0x00, 0x00, 0x00, 0x00, 0x40,
    0x00, 0x00, 0x00, 0x41, 0x0d, 0x00, 0x00, 0x00, 0x00, 0x40, 0x5e, 0xa7, 0xdc, 0x40, 0xbc, 0x4e,
    0x39, 0x40, 0x00, 0x00, 0xc0, 0x40, 0x00, 0x00, 0x80, 0x40, 0x00, 0x00, 0xc0, 0x40, 0x0e, 0x00,
    0x10, 0x00, 0x00, 0x00,
    // battery-warning @ 2414, 272 bytes
    0x01, 0x00, 0x00, 0x00, 0x00, 0x00, 0x00, 0x00, 0x00, 0x00, 0x00, 0x00, 0xc0, 0x41, 0x00, 0x00,
    0xc0, 0x41, 0x02, 0x00, 0x00, 0x00, 0x00, 0x40, 0x0b, 0x00, 0x00, 0x00, 0x20, 0x41, 0x00, 0x00,
    0x88, 0x41, 0x0c, 0x00, 0xf6, 0x28, 0x20, 0x41, 0x00, 0x00, 0x88, 0x41, 0x0b, 0x00, 0x00, 0x00,
    0x20, 0x41, 0x00, 0x00, 0xe0, 0x40, 0x0c, 0x00, 0x00, 0x00, 0x20, 0x41, 0x00, 0x00, 0x50, 0x41,
    0x0b, 0x00, 0x00, 0x00, 0x60, 0x41, 0x00, 0x00, 0xc0, 0x40, 0x0c, 0x00, 0x00, 0x00, 0x80, 0x41,
    0x00, 0x00, 0xc0, 0x40, 0x0d, 0x00, 0x00, 0xc7, 0x88, 0x41, 0x00, 0x00, 0xc0, 0x40, 0x00, 0x00,
    0x90, 0x41, 0x01, 0xe4, 0xdc, 0x40, 0x00, 0x00, 0x90, 0x41, 0x00, 0x00, 0x00, 0x41, 0x0c, 0x00,
    0x00, 0x00, 0x90, 0x41, 0x00, 0x00, 0x80, 0x41, 0x0d, 0x00, 0x00, 0x00, 0x90, 0x41, 0x00, 0xc7,
    0x88, 0x41, 0x00, 0xc7, 0x88, 0x41, 0x00, 0x00, 0x90, 0x41, 0x00, 0x00, 0x80, 0x41, 0x00, 0x00,
    0x90, 0x41, 0x0c, 0x00, 0x00, 0x00, 0x60, 0x41, 0x00, 0x00, 0x90, 0x41, 0x0b, 0x00, 0x00, 0x00,
    0xb0, 0x41, 0x00, 0x00, 0x60, 0x41, 0x0c, 0x00, 0x00, 0x00, 0xb0, 0x41, 0x00, 0x00, 0x20, 0x41,
    0x0b, 0x00, 0x00, 0x00, 0xc0, 0x40, 0x00, 0x00, 0x90, 0x41, 0x0c, 0x00, 0x00, 0x00, 0x80, 0x40,
    0x00, 0x00, 0x90, 0x41, 0x0d, 0x00, 0x02, 0xc8, 0x39, 0x40, 0x00, 0x00, 0x90, 0x41, 0x00, 0x00,
    0x00, 0x40, 0x00, 0xc7, 0x88, 0x41, 0x00, 0x00, 0x00, 0x40, 0x00, 0x00, 0x80, 0x41, 0x0c, 0x00,
    0x00, 0x00, 0x00, 0x40, 0x00, 0x00, 0x00, 0x41, 0x0d, 0x00, 0x00, 0x00, 0x00, 0x40, 0x01, 0xe4,
    0xdc, 0x40, 0x02, 0xc8, 0x39, 0x40, 0x00, 0x00, 0xc0, 0x40, 0x00, 0x00, 0x80, 0x40, 0x00, 0x00,
    0xc0, 0x40, 0x0c, 0x00, 0x00, 0x00, 0xc0, 0x40, 0x00, 0x00, 0xc0, 0x40, 0x10, 0x00, 0x00, 0x00,
    // bell @ 2686, 318 bytes
    0x01, 0x00, 0x00, 0x00, 0x00, 0x00, 0x00, 0x00, 0x00, 0x00, 0x00, 0x00, 0xc0, 0x41, 0x00, 0x00,
    0xc0, 0x41, 0x02, 0x00, 0x00, 0x00, 0x00, 0x40, 0x0b, 0x00, 0xba, 0x49, 0x24, 0x41, 0x00, 0x00,
    0xa8, 0x41, 0x0d, 0x00, 0x53, 0xff, 0x29, 0x41, 0xa2, 0xf1, 0xac, 0x41, 0x10, 0x95, 0x34, 0x41,
    0xd2, 0xff, 0xaf, 0x41, 0x00, 0x00, 0x40, 0x41, 0xd2, 0xff, 0xaf, 0x41, 0x0d, 0x00, 0xf0, 0x6a,
    0x4b, 0x41, 0xd2, 0xff, 0xaf, 0x41, 0xad, 0x00, 0x56, 0x41, 0xa2, 0xf1, 0xac, 0x41, 0x46, 0xb6,
    0x5b, 0x41, 0x00, 0x00, 0xa8, 0x41, 0x0b, 0x00, 0x9c, 0xc4, 0x50, 0x40, 0x4c, 0x37, 0x75, 0x41,
    0x0d, 0x00, 0xa8, 0xb7, 0x3f, 0x40, 0x56, 0xe3, 0x79, 0x41, 0xbc, 0x47, 0x3b, 0x40, 0x6d, 0x55,
    0x80, 0x41, 0x37, 0x7c, 0x45, 0x40, 0x29, 0x3a, 0x83, 0x41, 0x0d, 0x00, 0xb2, 0xb0, 0x4f, 0x40,
    0xe5, 0x1e, 0x86, 0x41, 0xd1, 0xb3, 0x66, 0x40, 0x68, 0xff, 0x87, 0x41, 0x00, 0x00, 0x80, 0x40,
    0x00, 0x00, 0x88, 0x41, 0x0c, 0x00, 0x00, 0x00, 0xa0, 0x41, 0x00, 0x00, 0x88, 0x41, 0x0d, 0x00,
    0x6d, 0x29, 0xa3, 0x41, 0x4a, 0x00, 0x88, 0x41, 0x45, 0x0a, 0xa6, 0x41, 0xb1, 0x20, 0x86, 0x41,
    0xb1, 0x51, 0xa7, 0x41, 0x72, 0x3c, 0x83, 0x41, 0x0d, 0x00, 0x1e, 0x99, 0xa8, 0x41, 0x33, 0x58,
    0x80, 0x41, 0x43, 0x0c, 0xa8, 0x41, 0xc3, 0xe8, 0x79, 0x41, 0x85, 0xeb, 0xa5, 0x41, 0x64, 0x3b,
    0x75, 0x41, 0x0d, 0x00, 0xae, 0x47, 0x9b, 0x41, 0xc7, 0x4b, 0x5f, 0x41, 0x00, 0x00, 0x90, 0x41,
    0xe7, 0xfb, 0x47, 0x41, 0x00, 0x00, 0x90, 0x41, 0x00, 0x00, 0x00, 0x41, 0x0d, 0x00, 0x00, 0x00,
    0x90, 0x41, 0x03, 0xac, 0x96, 0x40, 0xff, 0xa9, 0x74, 0x41, 0x00, 0x00, 0x00, 0x40, 0x00, 0x00,
    0x40, 0x41, 0x00, 0x00, 0x00, 0x40, 0x0d, 0x00, 0x01, 0x56, 0x0b, 0x41, 0x00, 0x00, 0x00, 0x40,
    0x00, 0x00, 0xc0, 0x40, 0x03, 0xac, 0x96, 0x40, 0x00, 0x00, 0xc0, 0x40, 0x00, 0x00, 0x00, 0x41,
    0x0d, 0x00, 0x00, 0x00, 0xc0, 0x40, 0xe7, 0xfb, 0x47, 0x41, 0x17, 0xd9, 0x92, 0x40, 0xc7, 0x4b,
    0x5f, 0x41, 0x9c, 0xc4, 0x50, 0x40, 0x4c, 0x37, 0x75, 0x41, 0x10, 0x00, 0x00, 0x00,
    // book-open @ 3004, 58 bytes
    0x01, 0x00, 0x00, 0x00, 0x00, 0x00, 0x00, 0x00, 0x00, 0x00, 0x00, 0x00, 0xc0, 0x41, 0x00, 0x00,
    0xc0, 0x41, 0x02, 0x00, 0x00, 0x00, 0x00, 0x40, 0x0b, 0x00, 0x00, 0x00, 0x40, 0x41, 0x00, 0x00,
    0xa0, 0x40, 0x0c, 0x00, 0x00, 0x00, 0x40, 0x41, 0x00, 0x00, 0xa8, 0x41, 0x0b, 0x00, 0x0c, 0x02,
    0xa0, 0x41, 0x00, 0x00, 0x98, 0x41, 0x10, 0x00, 0x00, 0x00,
    // bot @ 3062, 294 bytes
    0x01, 0x00, 0x00, 0x00, 0x00, 0x00, 0x00, 0x00, 0x00, 0x00, 0x00, 0x00, 0xc0, 0x41, 0x00, 0x00,
    0xc0, 0x41, 0x02, 0x00, 0x00, 0x00, 0x00, 0x40, 0x0b, 0x00, 0x00, 0x00, 0x40, 0x41, 0x00, 0x00,
    0x00, 0x41, 0x0c, 0x00, 0x00, 0x00, 0x40, 0x41, 0x00, 0x00, 0x80, 0x40, 0x0c, 0x00, 0x00, 0x00,
    0x00, 0x41, 0x00, 0x00, 0x80, 0x40, 0x0b, 0x00, 0x00, 0x00, 0xc0, 0x40, 0x00, 0x00, 0x00, 0x41,
    0x0c, 0x00, 0x00, 0x00, 0x90, 0x41, 0x00, 0x00, 0x00, 0x41, 0x0d, 0x00, 0x29, 0xd6, 0x98, 0x41,
    0x00, 0x00, 0x00, 0x41, 0x00, 0x00, 0xa0, 0x41, 0xaf, 0x53, 0x0e, 0x41, 0x00, 0x00, 0xa0, 0x41,
    0x00, 0x00, 0x20, 0x41, 0x0c, 0x00, 0x00, 0x00, 0xa0, 0x41, 0x00, 0x00, 0x90, 0x41, 0x0d, 0x00,
    0x00, 0x00, 0xa0, 0x41, 0x29, 0xd6, 0x98, 0x41, 0x29, 0xd6, 0x98, 0x41, 0x00, 0x00, 0xa0, 0x41,
    0x00, 0x00, 0x90, 0x41, 0x00, 0x00, 0xa0, 0x41, 0x0c, 0x00, 0x00, 0x00, 0xc0, 0x40, 0x00, 0x00,
    0xa0, 0x41, 0x0d, 0x00, 0x5e, 0xa7, 0x9c, 0x40, 0x00, 0x00, 0xa0, 0x41, 0x00, 0x00, 0x80, 0x40,
    0x29, 0xd6, 0x98, 0x41, 0x00, 0x00, 0x80, 0x40, 0x00, 0x00, 0x90, 0x41, 0x0c, 0x00, 0x00, 0x00,
    0x80, 0x40, 0x00, 0x00, 0x20, 0x41, 0x0d, 0x00, 0x00, 0x00, 0x80, 0x40, 0xaf, 0x53, 0x0e, 0x41,
    0x5e, 0xa7, 0x9c, 0x40, 0x00, 0x00, 0x00, 0x41, 0x00, 0x00, 0xc0, 0x40, 0x00, 0x00, 0x00, 0x41,
    0x0e, 0x00, 0x0b, 0x00, 0x00, 0x00, 0x00, 0x40, 0x00, 0x00, 0x60, 0x41, 0x0c, 0x00, 0x00, 0x00,
    0x80, 0x40, 0x00, 0x00, 0x60, 0x41, 0x0b, 0x00, 0x00, 0x00, 0xa0, 0x41, 0x00, 0x00, 0x60, 0x41,
    0x0c, 0x00, 0x00, 0x00, 0xb0, 0x41, 0x00, 0x00, 0x60, 0x41, 0x0b, 0x00, 0x00, 0x00, 0x70, 0x41,
    0x00, 0x00, 0x50, 0x41, 0x0c, 0x00, 0x00, 0x00, 0x70, 0x41, 0x00, 0x00, 0x70, 0x41, 0x0b, 0x00,
    0x00, 0x00, 0x10, 0x41, 0x00, 0x00, 0x50, 0x41, 0x0c, 0x00, 0x00, 0x00, 0x10, 0x41, 0x00, 0x00,
    0x70, 0x41, 0x10, 0x00, 0x00, 0x00,
    // building-2 @ 3356, 406 bytes
    0x01, 0x00, 0x00, 0x00, 0x00, 0x00, 0x00, 0x00, 0x00, 0x00, 0x00, 0x00, 0xc0, 0x41, 0x00, 0x00,
    0xc0, 0x41, 0x02, 0x00, 0x00, 0x00, 0x00, 0x40, 0x0b, 0x00, 0x00, 0x00, 0x20, 0x41, 0x00, 0x00,
    0x40, 0x41, 0x0c, 0x00, 0x00, 0x00, 0x60, 0x41, 0x00, 0x00, 0x40, 0x41, 0x0b, 0x00, 0x00, 0x00,
    0x20, 0x41, 0x00, 0x00, 0x00, 0x41, 0x0c, 0x00, 0x00, 0x00, 0x60, 0x41, 0x00, 0x00, 0x00, 0x41,
    0x0b, 0x00, 0x00, 0x00, 0x60, 0x41, 0x00, 0x00, 0xa8, 0x41, 0x0c, 0x00, 0x00, 0x00, 0x60, 0x41,
    0x00, 0x00, 0x90, 0x41, 0x0d, 0x00, 0x00, 0x00, 0x60, 0x41, 0x00, 0x39, 0x87, 0x41, 0x00, 0x8e,
    0x51, 0x41, 0x00, 0x00, 0x80, 0x41, 0x00, 0x00, 0x40, 0x41, 0x00, 0x00, 0x80, 0x41, 0x0d, 0x00,
    0x00, 0x72, 0x2e, 0x41, 0x00, 0x00, 0x80, 0x41, 0x00, 0x00, 0x20, 0x41, 0x00, 0x39, 0x87, 0x41,
    0x00, 0x00, 0x20, 0x41, 0x00, 0x00, 0x90, 0x41, 0x0c, 0x00, 0x00, 0x00, 0x20, 0x41, 0x00, 0x00,
    0xa8, 0x41, 0x0b, 0x00, 0x00, 0x00, 0xc0, 0x40, 0x00, 0x00, 0x20, 0x41, 0x0c, 0x00, 0x00, 0x00,
    0x80, 0x40, 0x00, 0x00, 0x20, 0x41, 0x0d, 0x00, 0x02, 0xc8, 0x39, 0x40, 0x00, 0x00, 0x20, 0x41,
    0x00, 0x00, 0x00, 0x40, 0x00, 0x72, 0x2e, 0x41, 0x00, 0x00, 0x00, 0x40, 0x00, 0x00, 0x40, 0x41,
    0x0c, 0x00, 0x00, 0x00, 0x00, 0x40, 0x00, 0x00, 0x98, 0x41, 0x0d, 0x00, 0x00, 0x00, 0x00, 0x40,
    0x00, 0xc7, 0xa0, 0x41, 0x02, 0xc8, 0x39, 0x40, 0x00, 0x00, 0xa8, 0x41, 0x00, 0x00, 0x80, 0x40,
    0x00, 0x00, 0xa8, 0x41, 0x0c, 0x00, 0x00, 0x00, 0xa0, 0x41, 0x00, 0x00, 0xa8, 0x41, 0x0d, 0x00,
    0x00, 0xc7, 0xa8, 0x41, 0x00, 0x00, 0xa8, 0x41, 0x00, 0x00, 0xb0, 0x41, 0x00, 0xc7, 0xa0, 0x41,
    0x00, 0x00, 0xb0, 0x41, 0x00, 0x00, 0x98, 0x41, 0x0c, 0x00, 0x00, 0x00, 0xb0, 0x41, 0x00, 0x00,
    0x10, 0x41, 0x0d, 0x00, 0x00, 0x00, 0xb0, 0x41, 0x01, 0xe4, 0xfc, 0x40, 0x00, 0xc7, 0xa8, 0x41,
    0x00, 0x00, 0xe0, 0x40, 0x00, 0x00, 0xa0, 0x41, 0x00, 0x00, 0xe0, 0x40, 0x0c, 0x00, 0x00, 0x00,
    0x90, 0x41, 0x00, 0x00, 0xe0, 0x40, 0x0b, 0x00, 0x00, 0x00, 0xc0, 0x40, 0x00, 0x00, 0xa8, 0x41,
    0x0c, 0x00, 0x00, 0x00, 0xc0, 0x40, 0x00, 0x00, 0xa0, 0x40, 0x0d, 0x00, 0x00, 0x00, 0xc0, 0x40,
    0x02, 0xc8, 0x79, 0x40, 0x01, 0xe4, 0xdc, 0x40, 0x00, 0x00, 0x40, 0x40, 0x00, 0x00, 0x00, 0x41,
    0x00, 0x00, 0x40, 0x40, 0x0c, 0x00, 0x00, 0x00, 0x80, 0x41, 0x00, 0x00, 0x40, 0x40, 0x0d, 0x00,
    0x00, 0xc7, 0x88, 0x41, 0x00, 0x00, 0x40, 0x40, 0x00, 0x00, 0x90, 0x41, 0x02, 0xc8, 0x79, 0x40,
    0x00, 0x00, 0x90, 0x41, 0x00, 0x00, 0xa0, 0x40, 0x0c, 0x00, 0x00, 0x00, 0x90, 0x41, 0x00, 0x00,
    0xa8, 0x41, 0x10, 0x00, 0x00, 0x00,
    // calendar @ 3762, 244 bytes
    0x01, 0x00, 0x00, 0x00, 0x00, 0x00, 0x00, 0x00, 0x00, 0x00, 0x00, 0x00, 0xc0, 0x41, 0x00, 0x00,
    0xc0, 0x41, 0x02, 0x00, 0x00, 0x00, 0x00, 0x40, 0x0b, 0x00, 0x00, 0x00, 0x00, 0x41, 0x00, 0x00,
    0x00, 0x40, 0x0c, 0x00, 0x00, 0x00, 0x00, 0x41, 0x00, 0x00, 0xa0, 0x40, 0x0b, 0x00, 0x00, 0x00,
    0x80, 0x41, 0x00, 0x00, 0x00, 0x40, 0x0c, 0x00, 0x00, 0x00, 0x80, 0x41, 0x00, 0x00, 0xa0, 0x40,
    0x0b, 0x00, 0x00, 0x00, 0xa0, 0x40, 0x00, 0x00, 0x40, 0x40, 0x0c, 0x00, 0x00, 0x00, 0x98, 0x41,
    0x00, 0x00, 0x40, 0x40, 0x0d, 0x00, 0x29, 0xd6, 0xa0, 0x41, 0x00, 0x00, 0x40, 0x40, 0x00, 0x00,
    0xa8, 0x41, 0xbc, 0x4e, 0x79, 0x40, 0x00, 0x00, 0xa8, 0x41, 0x00, 0x00, 0xa0, 0x40, 0x0c, 0x00,
    0x00, 0x00, 0xa8, 0x41, 0x00, 0x00, 0x98, 0x41, 0x0d, 0x00, 0x00, 0x00, 0xa8, 0x41, 0x29, 0xd6,
    0xa0, 0x41, 0x29, 0xd6, 0xa0, 0x41, 0x00, 0x00, 0xa8, 0x41, 0x00, 0x00, 0x98, 0x41, 0x00, 0x00,
    0xa8, 0x41, 0x0c, 0x00, 0x00, 0x00, 0xa0, 0x40, 0x00, 0x00, 0xa8, 0x41, 0x0d, 0x00, 0xbc, 0x4e,
    0x79, 0x40, 0x00, 0x00, 0xa8, 0x41, 0x00, 0x00, 0x40, 0x40, 0x29, 0xd6, 0xa0, 0x41, 0x00, 0x00,
    0x40, 0x40, 0x00, 0x00, 0x98, 0x41, 0x0c, 0x00, 0x00, 0x00, 0x40, 0x40, 0x00, 0x00, 0xa0, 0x40,
    0x0d, 0x00, 0x00, 0x00, 0x40, 0x40, 0xbc, 0x4e, 0x79, 0x40, 0xbc, 0x4e, 0x79, 0x40, 0x00, 0x00,
    0x40, 0x40, 0x00, 0x00, 0xa0, 0x40, 0x00, 0x00, 0x40, 0x40, 0x0e, 0x00, 0x0b, 0x00, 0x00, 0x00,
    0x40, 0x40, 0x00, 0x00, 0x10, 0x41, 0x0c, 0x00, 0x00, 0x00, 0xa8, 0x41, 0x00, 0x00, 0x10, 0x41,
    0x10, 0x00, 0x00, 0x00,
    // case-sensitive @ 4006, 306 bytes
    0x01, 0x00, 0x00, 0x00, 0x00, 0x00, 0x00, 0x00, 0x00, 0x00, 0x00, 0x00, 0xc0, 0x41, 0x00, 0x00,
    0xc0, 0x41, 0x02, 0x00, 0x00, 0x00, 0x00, 0x40, 0x0b, 0x00, 0x00, 0x00, 0x00, 0x40, 0x00, 0x00,
    0x80, 0x41, 0x0c, 0x00, 0x7d, 0x3f, 0xc1, 0x40, 0x85, 0xeb, 0xc9, 0x40, 0x0d, 0x00, 0x64, 0xba,
    0xc3, 0x40, 0x9d, 0xf8, 0xc3, 0x40, 0x25, 0x92, 0xc9, 0x40, 0xa9, 0x13, 0xc0, 0x40, 0x19, 0x04,
    0xd0, 0x40, 0xa9, 0x13, 0xc0, 0x40, 0x0d, 0x00, 0x0d, 0x76, 0xd6, 0x40, 0xa9, 0x13, 0xc0, 0x40,
    0xcd, 0x4d, 0xdc, 0x40, 0x9d, 0xf8, 0xc3, 0x40, 0xb4, 0xc8, 0xde, 0x40, 0x85, 0xeb, 0xc9, 0x40,
    0x0c, 0x00, 0x00, 0x00, 0x30, 0x41, 0x00, 0x00, 0x80, 0x41, 0x0b, 0x00, 0x00, 0x00, 0xb0, 0x41,
    0x00, 0x00, 0x10, 0x41, 0x0c, 0x00, 0x00, 0x00, 0xb0, 0x41, 0x00, 0x00, 0x80, 0x41, 0x0b, 0x00,
    0xbc, 0x74, 0x53, 0x40, 0x00, 0x00, 0x50, 0x41, 0x0c, 0x00, 0xd1, 0x22, 0x1b, 0x41, 0x00, 0x00,
    0x50, 0x41, 0x0b, 0x00, 0x00, 0x00, 0x94, 0x41, 0x00, 0x00, 0x10, 0x41, 0x0c, 0x00, 0x00, 0x00,
    0x94, 0x41, 0x00, 0x00, 0x10, 0x41, 0x0d, 0x00, 0xc7, 0x76, 0xa3, 0x41, 0x00, 0x00, 0x10, 0x41,
    0x00, 0x00, 0xb0, 0x41, 0x72, 0x12, 0x29, 0x41, 0x00, 0x00, 0xb0, 0x41, 0x00, 0x00, 0x48, 0x41,
    0x0c, 0x00, 0x00, 0x00, 0xb0, 0x41, 0x00, 0x00, 0x48, 0x41, 0x0d, 0x00, 0x00, 0x00, 0xb0, 0x41,
    0x8e, 0xed, 0x66, 0x41, 0xc7, 0x76, 0xa3, 0x41, 0x00, 0x00, 0x80, 0x41, 0x00, 0x00, 0x94, 0x41,
    0x00, 0x00, 0x80, 0x41, 0x0c, 0x00, 0x00, 0x00, 0x94, 0x41, 0x00, 0x00, 0x80, 0x41, 0x0d, 0x00,
    0x39, 0x89, 0x84, 0x41, 0x00, 0x00, 0x80, 0x41, 0x00, 0x00, 0x70, 0x41, 0x8e, 0xed, 0x66, 0x41,
    0x00, 0x00, 0x70, 0x41, 0x00, 0x00, 0x48, 0x41, 0x0c, 0x00, 0x00, 0x00, 0x70, 0x41, 0x00, 0x00,
    0x48, 0x41, 0x0d, 0x00, 0x00, 0x00, 0x70, 0x41, 0x72, 0x12, 0x29, 0x41, 0x39, 0x89, 0x84, 0x41,
    0x00, 0x00, 0x10, 0x41, 0x00, 0x00, 0x94, 0x41, 0x00, 0x00, 0x10, 0x41, 0x0e, 0x00, 0x10, 0x00,
    0x00, 0x00,
    // chart-pie @ 4312, 242 bytes
    0x01, 0x00, 0x00, 0x00, 0x00, 0x00, 0x00, 0x00, 0x00, 0x00, 0x00, 0x00, 0xc0, 0x41, 0x00, 0x00,
    0xc0, 0x41, 0x02, 0x00, 0x00, 0x00, 0x00, 0x40, 0x0b, 0x00, 0x00, 0x00, 0xa8, 0x41, 0x00, 0x00,
    0x40, 0x41, 0x0d, 0x00, 0x7f, 0x6a, 0xac, 0x41, 0x00, 0x00, 0x40, 0x41, 0x3d, 0x0a, 0xb0, 0x41,
    0xe5, 0xd0, 0x38, 0x41, 0x9a, 0x99, 0xaf, 0x41, 0x31, 0x08, 0x30, 0x41, 0x0d, 0x00, 0xce, 0xcf,
    0xab, 0x41, 0xfd, 0x2a, 0xc9, 0x40, 0x6c, 0xb3, 0x8d, 0x41, 0xb1, 0x80, 0x21, 0x40, 0xb6, 0xf3,
    0x4f, 0x41, 0x96, 0x43, 0x03, 0x40, 0x0d, 0x00, 0xe9, 0x26, 0x47, 0x41, 0xee, 0x7c, 0xff, 0x3f,
    0xe7, 0xfb, 0x3f, 0x41, 0x6a, 0xbc, 0x1c, 0x40, 0xe7, 0xfb, 0x3f, 0x41, 0x62, 0x10, 0x40, 0x40,
    0x0c, 0x00, 0xe7, 0xfb, 0x3f, 0x41, 0x19, 0x04, 0x30, 0x41, 0x0d, 0x00, 0xe7, 0xfb, 0x3f, 0x41,
    0x18, 0xcb, 0x38, 0x41, 0xe8, 0x34, 0x47, 0x41, 0x19, 0x04, 0x40, 0x41, 0xe7, 0xfb, 0x4f, 0x41,
    0x19, 0x04, 0x40, 0x41, 0x0e, 0x00, 0x0b, 0x00, 0x14, 0xae, 0xa9, 0x41, 0x71, 0x3d, 0x7e, 0x41,
    0x0d, 0x00, 0xa8, 0xb8, 0x9b, 0x41, 0x6a, 0x21, 0xa0, 0x41, 0x9a, 0x67, 0x72, 0x41, 0x18, 0xec,
    0xb3, 0x41, 0x09, 0x53, 0x2b, 0x41, 0xd3, 0x4a, 0xaf, 0x41, 0x0d, 0x00, 0xf1, 0x7c, 0xc8, 0x40,
    0x8e, 0xa9, 0xaa, 0x41, 0x40, 0x9b, 0x2e, 0x40, 0xfb, 0xaf, 0x8e, 0x41, 0x87, 0x52, 0x06, 0x40,
    0xa7, 0x67, 0x56, 0x41, 0x0d, 0x00, 0x9c, 0x13, 0xbc, 0x3f, 0x58, 0x6f, 0x0f, 0x41, 0x4e, 0x35,
    0x79, 0x40, 0x24, 0xe6, 0x93, 0x40, 0x00, 0x00, 0x00, 0x41, 0xb8, 0x1e, 0x35, 0x40, 0x10, 0x00,
    0x00, 0x00,
    // check @ 4554, 58 bytes
    0x01, 0x00, 0x00, 0x00, 0x00, 0x00, 0x00, 0x00, 0x00, 0x00, 0x00, 0x00, 0xc0, 0x41, 0x00, 0x00,
    0xc0, 0x41, 0x02, 0x00, 0x00, 0x00, 0x00, 0x40, 0x0b, 0x00, 0x00, 0x00, 0xa0, 0x41, 0x00, 0x00,
    0xc0, 0x40, 0x0c, 0x00, 0x00, 0x00, 0x10, 0x41, 0x00, 0x00, 0x88, 0x41, 0x0c, 0x00, 0x00, 0x00,
    0x80, 0x40, 0x00, 0x00, 0x40, 0x41, 0x10, 0x00, 0x00, 0x00,
    // chevron-down @ 4612, 58 bytes
    0x01, 0x00, 0x00, 0x00, 0x00, 0x00, 0x00, 0x00, 0x00, 0x00, 0x00, 0x00, 0xc0, 0x41, 0x00, 0x00,
    0xc0, 0x41, 0x02, 0x00, 0x00, 0x00, 0x00, 0x40, 0x0b, 0x00, 0x00, 0x00, 0xc0, 0x40, 0x00, 0x00,
    0x10, 0x41, 0x0c, 0x00, 0x00, 0x00, 0x40, 0x41, 0x00, 0x00, 0x70, 0x41, 0x0c, 0x00, 0x00, 0x00,
    0x90, 0x41, 0x00, 0x00, 0x10, 0x41, 0x10, 0x00, 0x00, 0x00,
    // chevron-left @ 4670, 58 bytes
    0x01, 0x00, 0x00, 0x00, 0x00, 0x00, 0x00, 0x00, 0x00, 0x00, 0x00, 0x00, 0xc0, 0x41, 0x00, 0x00,
    0xc0, 0x41, 0x02, 0x00, 0x00, 0x00, 0x00, 0x40, 0x0b, 0x00, 0x00, 0x00, 0x70, 0x41, 0x00, 0x00,
    0x90, 0x41, 0x0c, 0x00, 0x00, 0x00, 0x10, 0x41, 0x00, 0x00, 0x40, 0x41, 0x0c, 0x00, 0x00, 0x00,
    0x70, 0x41, 0x00, 0x00, 0xc0, 0x40, 0x10, 0x00, 0x00, 0x00,
    // chevron-right @ 4728, 58 bytes
    0x01, 0x00, 0x00, 0x00, 0x00, 0x00, 0x00, 0x00, 0x00, 0x00, 0x00, 0x00, 0xc0, 0x41, 0x00, 0x00,
    0xc0, 0x41, 0x02, 0x00, 0x00, 0x00, 0x00, 0x40, 0x0b, 0x00, 0x00, 0x00, 0x10, 0x41, 0x00, 0x00,
    0x90, 0x41, 0x0c, 0x00, 0x00, 0x00, 0x70, 0x41, 0x00, 0x00, 0x40, 0x41, 0x0c, 0x00, 0x00, 0x00,
    0x10, 0x41, 0x00, 0x00, 0xc0, 0x40, 0x10, 0x00, 0x00, 0x00,
    // chevron-up @ 4786, 58 bytes
    0x01, 0x00, 0x00, 0x00, 0x00, 0x00, 0x00, 0x00, 0x00, 0x00, 0x00, 0x00, 0xc0, 0x41, 0x00, 0x00,
    0xc0, 0x41, 0x02, 0x00, 0x00, 0x00, 0x00, 0x40, 0x0b, 0x00, 0x00, 0x00, 0x90, 0x41, 0x00, 0x00,
    0x70, 0x41, 0x0c, 0x00, 0x00, 0x00, 0x40, 0x41, 0x00, 0x00, 0x10, 0x41, 0x0c, 0x00, 0x00, 0x00,
    0xc0, 0x40, 0x00, 0x00, 0x70, 0x41, 0x10, 0x00, 0x00, 0x00,
    // chevrons-up-down @ 4844, 88 bytes
    0x01, 0x00, 0x00, 0x00, 0x00, 0x00, 0x00, 0x00, 0x00, 0x00, 0x00, 0x00, 0xc0, 0x41, 0x00, 0x00,
    0xc0, 0x41, 0x02, 0x00, 0x00, 0x00, 0x00, 0x40, 0x0b, 0x00, 0x00, 0x00, 0xe0, 0x40, 0x00, 0x00,
    0x70, 0x41, 0x0c, 0x00, 0x00, 0x00, 0x40, 0x41, 0x00, 0x00, 0xa0, 0x41, 0x0c, 0x00, 0x00, 0x00,
    0x88, 0x41, 0x00, 0x00, 0x70, 0x41, 0x0b, 0x00, 0x00, 0x00, 0xe0, 0x40, 0x00, 0x00, 0x10, 0x41,
    0x0c, 0x00, 0x00, 0x00, 0x40, 0x41, 0x00, 0x00, 0x80, 0x40, 0x0c, 0x00, 0x00, 0x00, 0x88, 0x41,
    0x00, 0x00, 0x10, 0x41, 0x10, 0x00, 0x00, 0x00,
    // circle-alert @ 4932, 224 bytes
    0x01, 0x00, 0x00, 0x00, 0x00, 0x00, 0x00, 0x00, 0x00, 0x00, 0x00, 0x00, 0xc0, 0x41, 0x00, 0x00,
    0xc0, 0x41, 0x02, 0x00, 0x00, 0x00, 0x00, 0x40, 0x0b, 0x00, 0x00, 0x00, 0x40, 0x41, 0x00, 0x00,
    0x00, 0x40, 0x0c, 0x00, 0x00, 0x00, 0x40, 0x41, 0x00, 0x00, 0x00, 0x40, 0x0d, 0x00, 0xcb, 0x2e,
    0x8c, 0x41, 0x00, 0x00, 0x00, 0x40, 0x00, 0x00, 0xb0, 0x41, 0xd5, 0x44, 0xcf, 0x40, 0x00, 0x00,
    0xb0, 0x41, 0x00, 0x00, 0x40, 0x41, 0x0c, 0x00, 0x00, 0x00, 0xb0, 0x41, 0x00, 0x00, 0x40, 0x41,
    0x0d, 0x00, 0x00, 0x00, 0xb0, 0x41, 0xcb, 0x2e, 0x8c, 0x41, 0xcb, 0x2e, 0x8c, 0x41, 0x00, 0x00,
    0xb0, 0x41, 0x00, 0x00, 0x40, 0x41, 0x00, 0x00, 0xb0, 0x41, 0x0c, 0x00, 0x00, 0x00, 0x40, 0x41,
    0x00, 0x00, 0xb0, 0x41, 0x0d, 0x00, 0xd5, 0x44, 0xcf, 0x40, 0x00, 0x00, 0xb0, 0x41, 0x00, 0x00,
    0x00, 0x40, 0xcb, 0x2e, 0x8c, 0x41, 0x00, 0x00, 0x00, 0x40, 0x00, 0x00, 0x40, 0x41, 0x0c, 0x00,
    0x00, 0x00, 0x00, 0x40, 0x00, 0x00, 0x40, 0x41, 0x0d, 0x00, 0x00, 0x00, 0x00, 0x40, 0xd5, 0x44,
    0xcf, 0x40, 0xd5, 0x44, 0xcf, 0x40, 0x00, 0x00, 0x00, 0x40, 0x00, 0x00, 0x40, 0x41, 0x00, 0x00,
    0x00, 0x40, 0x0e, 0x00, 0x0b, 0x00, 0x00, 0x00, 0x40, 0x41, 0x00, 0x00, 0x00, 0x41, 0x0c, 0x00,
    0x00, 0x00, 0x40, 0x41, 0x00, 0x00, 0x40, 0x41, 0x0b, 0x00, 0x00, 0x00, 0x40, 0x41, 0x00, 0x00,
    0x80, 0x41, 0x0c, 0x00, 0xf6, 0x28, 0x40, 0x41, 0x00, 0x00, 0x80, 0x41, 0x10, 0x00, 0x00, 0x00,
    // circle-check @ 5156, 214 bytes
    0x01, 0x00, 0x00, 0x00, 0x00, 0x00, 0x00, 0x00, 0x00, 0x00, 0x00, 0x00, 0xc0, 0x41, 0x00, 0x00,
    0xc0, 0x41, 0x02, 0x00, 0x00, 0x00, 0x00, 0x40, 0x0b, 0x00, 0x00, 0x00, 0x40, 0x41, 0x00, 0x00,
    0x00, 0x40, 0x0c, 0x00, 0x00, 0x00, 0x40, 0x41, 0x00, 0x00, 0x00, 0x40, 0x0d, 0x00, 0xcb, 0x2e,
    0x8c, 0x41, 0x00, 0x00, 0x00, 0x40, 0x00, 0x00, 0xb0, 0x41, 0xd5, 0x44, 0xcf, 0x40, 0x00, 0x00,
    0xb0, 0x41, 0x00, 0x00, 0x40, 0x41, 0x0c, 0x00, 0x00, 0x00, 0xb0, 0x41, 0x00, 0x00, 0x40, 0x41,
    0x0d, 0x00, 0x00, 0x00, 0xb0, 0x41, 0xcb, 0x2e, 0x8c, 0x41, 0xcb, 0x2e, 0x8c, 0x41, 0x00, 0x00,
    0xb0, 0x41, 0x00, 0x00, 0x40, 0x41, 0x00, 0x00, 0xb0, 0x41, 0x0c, 0x00, 0x00, 0x00, 0x40, 0x41,
    0x00, 0x00, 0xb0, 0x41, 0x0d, 0x00, 0xd5, 0x44, 0xcf, 0x40, 0x00, 0x00, 0xb0, 0x41, 0x00, 0x00,
    0x00, 0x40, 0xcb, 0x2e, 0x8c, 0x41, 0x00, 0x00, 0x00, 0x40, 0x00, 0x00, 0x40, 0x41, 0x0c, 0x00,
    0x00, 0x00, 0x00, 0x40, 0x00, 0x00, 0x40, 0x41, 0x0d, 0x00, 0x00, 0x00, 0x00, 0x40, 0xd5, 0x44,
    0xcf, 0x40, 0xd5, 0x44, 0xcf, 0x40, 0x00, 0x00, 0x00, 0x40, 0x00, 0x00, 0x40, 0x41, 0x00, 0x00,
    0x00, 0x40, 0x0e, 0x00, 0x0b, 0x00, 0x00, 0x00, 0x80, 0x41, 0x00, 0x00, 0x10, 0x41, 0x0c, 0x00,
    0x00, 0x00, 0x28, 0x41, 0x00, 0x00, 0x68, 0x41, 0x0c, 0x00, 0x00, 0x00, 0x00, 0x41, 0x00, 0x00,
    0x40, 0x41, 0x10, 0x00, 0x00, 0x00,
    // circle-user @ 5370, 432 bytes
    0x01, 0x00, 0x00, 0x00, 0x00, 0x00, 0x00, 0x00, 0x00, 0x00, 0x00, 0x00, 0xc0, 0x41, 0x00, 0x00,
    0xc0, 0x41, 0x02, 0x00, 0x00, 0x00, 0x00, 0x40, 0x0b, 0x00, 0x00, 0x00, 0x40, 0x41, 0x00, 0x00,
    0x00, 0x40, 0x0c, 0x00, 0x00, 0x00, 0x40, 0x41, 0x00, 0x00, 0x00, 0x40, 0x0d, 0x00, 0xcb, 0x2e,
    0x8c, 0x41, 0x00, 0x00, 0x00, 0x40, 0x00, 0x00, 0xb0, 0x41, 0xd5, 0x44, 0xcf, 0x40, 0x00, 0x00,
    0xb0, 0x41, 0x00, 0x00, 0x40, 0x41, 0x0c, 0x00, 0x00, 0x00, 0xb0, 0x41, 0x00, 0x00, 0x40, 0x41,
    0x0d, 0x00, 0x00, 0x00, 0xb0, 0x41, 0xcb, 0x2e, 0x8c, 0x41, 0xcb, 0x2e, 0x8c, 0x41, 0x00, 0x00,
    0xb0, 0x41, 0x00, 0x00, 0x40, 0x41, 0x00, 0x00, 0xb0, 0x41, 0x0c, 0x00, 0x00, 0x00, 0x40, 0x41,
    0x00, 0x00, 0xb0, 0x41, 0x0d, 0x00, 0xd5, 0x44, 0xcf, 0x40, 0x00, 0x00, 0xb0, 0x41, 0x00, 0x00,
    0x00, 0x40, 0xcb, 0x2e, 0x8c, 0x41, 0x00, 0x00, 0x00, 0x40, 0x00, 0x00, 0x40, 0x41, 0x0c, 0x00,
    0x00, 0x00, 0x00, 0x40, 0x00, 0x00, 0x40, 0x41, 0x0d, 0x00, 0x00, 0x00, 0x00, 0x40, 0xd5, 0x44,
    0xcf, 0x40, 0xd5, 0x44, 0xcf, 0x40, 0x00, 0x00, 0x00, 0x40, 0x00, 0x00, 0x40, 0x41, 0x00, 0x00,
    0x00, 0x40, 0x0e, 0x00, 0x0b, 0x00, 0x00, 0x00, 0x40, 0x41, 0x00, 0x00, 0xe0, 0x40, 0x0c, 0x00,
    0x00, 0x00, 0x40, 0x41, 0x00, 0x00, 0xe0, 0x40, 0x0d, 0x00, 0x7a, 0x82, 0x5a, 0x41, 0x00, 0x00,
    0xe0, 0x40, 0x00, 0x00, 0x70, 0x41, 0x86, 0x7d, 0x05, 0x41, 0x00, 0x00, 0x70, 0x41, 0x00, 0x00,
    0x20, 0x41, 0x0c, 0x00, 0x00, 0x00, 0x70, 0x41, 0x00, 0x00, 0x20, 0x41, 0x0d, 0x00, 0x00, 0x00,
    0x70, 0x41, 0x7a, 0x82, 0x3a, 0x41, 0x7a, 0x82, 0x5a, 0x41, 0x00, 0x00, 0x50, 0x41, 0x00, 0x00,
    0x40, 0x41, 0x00, 0x00, 0x50, 0x41, 0x0c, 0x00, 0x00, 0x00, 0x40, 0x41, 0x00, 0x00, 0x50, 0x41,
    0x0d, 0x00, 0x86, 0x7d, 0x25, 0x41, 0x00, 0x00, 0x50, 0x41, 0x00, 0x00, 0x10, 0x41, 0x7a, 0x82,
    0x3a, 0x41, 0x00, 0x00, 0x10, 0x41, 0x00, 0x00, 0x20, 0x41, 0x0c, 0x00, 0x00, 0x00, 0x10, 0x41,
    0x00, 0x00, 0x20, 0x41, 0x0d, 0x00, 0x00, 0x00, 0x10, 0x41, 0x86, 0x7d, 0x05, 0x41, 0x86, 0x7d,
    0x25, 0x41, 0x00, 0x00, 0xe0, 0x40, 0x00, 0x00, 0x40, 0x41, 0x00, 0x00, 0xe0, 0x40, 0x0e, 0x00,
    0x0b, 0x00, 0x00, 0x00, 0xe0, 0x40, 0xc7, 0x4b, 0xa5, 0x41, 0x0c, 0x00, 0x00, 0x00, 0xe0, 0x40,
    0x00, 0x00, 0x98, 0x41, 0x0d, 0x00, 0x00, 0x00, 0xe0, 0x40, 0x00, 0x39, 0x8f, 0x41, 0x01, 0xe4,
    0xfc, 0x40, 0x00, 0x00, 0x88, 0x41, 0x00, 0x00, 0x10, 0x41, 0x00, 0x00, 0x88, 0x41, 0x0c, 0x00,
    0x00, 0x00, 0x70, 0x41, 0x00, 0x00, 0x88, 0x41, 0x0d, 0x00, 0x00, 0xc7, 0x80, 0x41, 0x00, 0x00,
    0x88, 0x41, 0x00, 0x00, 0x88, 0x41, 0x00, 0x39, 0x8f, 0x41, 0x00, 0x00, 0x88, 0x41, 0x00, 0x00,
    0x98, 0x41, 0x0c, 0x00, 0x00, 0x00, 0x88, 0x41, 0xc7, 0x4b, 0xa5, 0x41, 0x10, 0x00, 0x00, 0x00,
    // circle-x @ 5802, 224 bytes
    0x01, 0x00, 0x00, 0x00, 0x00, 0x00, 0x00, 0x00, 0x00, 0x00, 0x00, 0x00, 0xc0, 0x41, 0x00, 0x00,
    0xc0, 0x41, 0x02, 0x00, 0x00, 0x00, 0x00, 0x40, 0x0b, 0x00, 0x00, 0x00, 0x40, 0x41, 0x00, 0x00,
    0x00, 0x40, 0x0c, 0x00, 0x00, 0x00, 0x40, 0x41, 0x00, 0x00, 0x00, 0x40, 0x0d, 0x00, 0xcb, 0x2e,
    0x8c, 0x41, 0x00, 0x00, 0x00, 0x40, 0x00, 0x00, 0xb0, 0x41, 0xd5, 0x44, 0xcf, 0x40, 0x00, 0x00,
    0xb0, 0x41, 0x00, 0x00, 0x40, 0x41, 0x0c, 0x00, 0x00, 0x00, 0xb0, 0x41, 0x00, 0x00, 0x40, 0x41,
    0x0d, 0x00, 0x00, 0x00, 0xb0, 0x41, 0xcb, 0x2e, 0x8c, 0x41, 0xcb, 0x2e, 0x8c, 0x41, 0x00, 0x00,
    0xb0, 0x41, 0x00, 0x00, 0x40, 0x41, 0x00, 0x00, 0xb0, 0x41, 0x0c, 0x00, 0x00, 0x00, 0x40, 0x41,
    0x00, 0x00, 0xb0, 0x41, 0x0d, 0x00, 0xd5, 0x44, 0xcf, 0x40, 0x00, 0x00, 0xb0, 0x41, 0x00, 0x00,
    0x00, 0x40, 0xcb, 0x2e, 0x8c, 0x41, 0x00, 0x00, 0x00, 0x40, 0x00, 0x00, 0x40, 0x41, 0x0c, 0x00,
    0x00, 0x00, 0x00, 0x40, 0x00, 0x00, 0x40, 0x41, 0x0d, 0x00, 0x00, 0x00, 0x00, 0x40, 0xd5, 0x44,
    0xcf, 0x40, 0xd5, 0x44, 0xcf, 0x40, 0x00, 0x00, 0x00, 0x40, 0x00, 0x00, 0x40, 0x41, 0x00, 0x00,
    0x00, 0x40, 0x0e, 0x00, 0x0b, 0x00, 0x00, 0x00, 0x70, 0x41, 0x00, 0x00, 0x10, 0x41, 0x0c, 0x00,
    0x00, 0x00, 0x10, 0x41, 0x00, 0x00, 0x70, 0x41, 0x0b, 0x00, 0x00, 0x00, 0x10, 0x41, 0x00, 0x00,
    0x10, 0x41, 0x0c, 0x00, 0x00, 0x00, 0x70, 0x41, 0x00, 0x00, 0x70, 0x41, 0x10, 0x00, 0x00, 0x00,
    // close @ 6026, 68 bytes
    0x01, 0x00, 0x00, 0x00, 0x00, 0x00, 0x00, 0x00, 0x00, 0x00, 0x00, 0x00, 0xc0, 0x41, 0x00, 0x00,
    0xc0, 0x41, 0x02, 0x00, 0x00, 0x00, 0x00, 0x40, 0x0b, 0x00, 0x00, 0x00, 0x90, 0x41, 0x00, 0x00,
    0xc0, 0x40, 0x0c, 0x00, 0x00, 0x00, 0xc0, 0x40, 0x00, 0x00, 0x90, 0x41, 0x0b, 0x00, 0x00, 0x00,
    0xc0, 0x40, 0x00, 0x00, 0xc0, 0x40, 0x0c, 0x00, 0x00, 0x00, 0x90, 0x41, 0x00, 0x00, 0x90, 0x41,
    0x10, 0x00, 0x00, 0x00,
    // copy @ 6094, 292 bytes
    0x01, 0x00, 0x00, 0x00, 0x00, 0x00, 0x00, 0x00, 0x00, 0x00, 0x00, 0x00, 0xc0, 0x41, 0x00, 0x00,
    0xc0, 0x41, 0x02, 0x00, 0x00, 0x00, 0x00, 0x40, 0x0b, 0x00, 0x00, 0x00, 0x20, 0x41, 0x00, 0x00,
    0x00, 0x41, 0x0c, 0x00, 0x00, 0x00, 0xa0, 0x41, 0x00, 0x00, 0x00, 0x41, 0x0d, 0x00, 0x29, 0xd6,
    0xa8, 0x41, 0x00, 0x00, 0x00, 0x41, 0x00, 0x00, 0xb0, 0x41, 0xaf, 0x53, 0x0e, 0x41, 0x00, 0x00,
    0xb0, 0x41, 0x00, 0x00, 0x20, 0x41, 0x0c, 0x00, 0x00, 0x00, 0xb0, 0x41, 0x00, 0x00, 0xa0, 0x41,
    0x0d, 0x00, 0x00, 0x00, 0xb0, 0x41, 0x29, 0xd6, 0xa8, 0x41, 0x29, 0xd6, 0xa8, 0x41, 0x00, 0x00,
    0xb0, 0x41, 0x00, 0x00, 0xa0, 0x41, 0x00, 0x00, 0xb0, 0x41, 0x0c, 0x00, 0x00, 0x00, 0x20, 0x41,
    0x00, 0x00, 0xb0, 0x41, 0x0d, 0x00, 0xaf, 0x53, 0x0e, 0x41, 0x00, 0x00, 0xb0, 0x41, 0x00, 0x00,
    0x00, 0x41, 0x29, 0xd6, 0xa8, 0x41, 0x00, 0x00, 0x00, 0x41, 0x00, 0x00, 0xa0, 0x41, 0x0c, 0x00,
    0x00, 0x00, 0x00, 0x41, 0x00, 0x00, 0x20, 0x41, 0x0d, 0x00, 0x00, 0x00, 0x00, 0x41, 0xaf, 0x53,
    0x0e, 0x41, 0xaf, 0x53, 0x0e, 0x41, 0x00, 0x00, 0x00, 0x41, 0x00, 0x00, 0x20, 0x41, 0x00, 0x00,
    0x00, 0x41, 0x0e, 0x00, 0x0b, 0x00, 0x00, 0x00, 0x80, 0x40, 0x00, 0x00, 0x80, 0x41, 0x0d, 0x00,
    0x9a, 0x99, 0x39, 0x40, 0x00, 0x00, 0x80, 0x41, 0x00, 0x00, 0x00, 0x40, 0x9a, 0x99, 0x71, 0x41,
    0x00, 0x00, 0x00, 0x40, 0x00, 0x00, 0x60, 0x41, 0x0c, 0x00, 0x00, 0x00, 0x00, 0x40, 0x00, 0x00,
    0x80, 0x40, 0x0d, 0x00, 0x00, 0x00, 0x00, 0x40, 0x9a, 0x99, 0x39, 0x40, 0x9a, 0x99, 0x39, 0x40,
    0x00, 0x00, 0x00, 0x40, 0x00, 0x00, 0x80, 0x40, 0x00, 0x00, 0x00, 0x40, 0x0c, 0x00, 0x00, 0x00,
    0x60, 0x41, 0x00, 0x00, 0x00, 0x40, 0x0d, 0x00, 0x9a, 0x99, 0x71, 0x41, 0x00, 0x00, 0x00, 0x40,
    0x00, 0x00, 0x80, 0x41, 0x9a, 0x99, 0x39, 0x40, 0x00, 0x00, 0x80, 0x41, 0x00, 0x00, 0x80, 0x40,
    0x10, 0x00, 0x00, 0x00,
    // cpu @ 6386, 580 bytes
    0x01, 0x00, 0x00, 0x00, 0x00, 0x00, 0x00, 0x00, 0x00, 0x00, 0x00, 0x00, 0xc0, 0x41, 0x00, 0x00,
    0xc0, 0x41, 0x02, 0x00, 0x00, 0x00, 0x00, 0x40, 0x0b, 0x00, 0x00, 0x00, 0x40, 0x41, 0x00, 0x00,
    0xa0, 0x41, 0x0c, 0x00, 0x00, 0x00, 0x40, 0x41, 0x00, 0x00, 0xb0, 0x41, 0x0b, 0x00, 0x00, 0x00,
    0x40, 0x41, 0x00, 0x00, 0x00, 0x40, 0x0c, 0x00, 0x00, 0x00, 0x40, 0x41, 0x00, 0x00, 0x80, 0x40,
    0x0b, 0x00, 0x00, 0x00, 0x88, 0x41, 0x00, 0x00, 0xa0, 0x41, 0x0c, 0x00, 0x00, 0x00, 0x88, 0x41,
    0x00, 0x00, 0xb0, 0x41, 0x0b, 0x00, 0x00, 0x00, 0x88, 0x41, 0x00, 0x00, 0x00, 0x40, 0x0c, 0x00,
    0x00, 0x00, 0x88, 0x41, 0x00, 0x00, 0x80, 0x40, 0x0b, 0x00, 0x00, 0x00, 0x00, 0x40, 0x00, 0x00,
    0x40, 0x41, 0x0c, 0x00, 0x00, 0x00, 0x80, 0x40, 0x00, 0x00, 0x40, 0x41, 0x0b, 0x00, 0x00, 0x00,
    0x00, 0x40, 0x00, 0x00, 0x88, 0x41, 0x0c, 0x00, 0x00, 0x00, 0x80, 0x40, 0x00, 0x00, 0x88, 0x41,
    0x0b, 0x00, 0x00, 0x00, 0x00, 0x40, 0x00, 0x00, 0xe0, 0x40, 0x0c, 0x00, 0x00, 0x00, 0x80, 0x40,
    0x00, 0x00, 0xe0, 0x40, 0x0b, 0x00, 0x00, 0x00, 0xa0, 0x41, 0x00, 0x00, 0x40, 0x41, 0x0c, 0x00,
    0x00, 0x00, 0xb0, 0x41, 0x00, 0x00, 0x40, 0x41, 0x0b, 0x00, 0x00, 0x00, 0xa0, 0x41, 0x00, 0x00,
    0x88, 0x41, 0x0c, 0x00, 0x00, 0x00, 0xb0, 0x41, 0x00, 0x00, 0x88, 0x41, 0x0b, 0x00, 0x00, 0x00,
    0xa0, 0x41, 0x00, 0x00, 0xe0, 0x40, 0x0c, 0x00, 0x00, 0x00, 0xb0, 0x41, 0x00, 0x00, 0xe0, 0x40,
    0x0b, 0x00, 0x00, 0x00, 0xe0, 0x40, 0x00, 0x00, 0xa0, 0x41, 0x0c, 0x00, 0x00, 0x00, 0xe0, 0x40,
    0x00, 0x00, 0xb0, 0x41, 0x0b, 0x00, 0x00, 0x00, 0xe0, 0x40, 0x00, 0x00, 0x00, 0x40, 0x0c, 0x00,
    0x00, 0x00, 0xe0, 0x40, 0x00, 0x00, 0x80, 0x40, 0x0b, 0x00, 0x00, 0x00, 0xc0, 0x40, 0x00, 0x00,
    0x80, 0x40, 0x0c, 0x00, 0x00, 0x00, 0x90, 0x41, 0x00, 0x00, 0x80, 0x40, 0x0d, 0x00, 0x29, 0xd6,
    0x98, 0x41, 0x00, 0x00, 0x80, 0x40, 0x00, 0x00, 0xa0, 0x41, 0x5e, 0xa7, 0x9c, 0x40, 0x00, 0x00,
    0xa0, 0x41, 0x00, 0x00, 0xc0, 0x40, 0x0c, 0x00, 0x00, 0x00, 0xa0, 0x41, 0x00, 0x00, 0x90, 0x41,
    0x0d, 0x00, 0x00, 0x00, 0xa0, 0x41, 0x29, 0xd6, 0x98, 0x41, 0x29, 0xd6, 0x98, 0x41, 0x00, 0x00,
    0xa0, 0x41, 0x00, 0x00, 0x90, 0x41, 0x00, 0x00, 0xa0, 0x41, 0x0c, 0x00, 0x00, 0x00, 0xc0, 0x40,
    0x00, 0x00, 0xa0, 0x41, 0x0d, 0x00, 0x5e, 0xa7, 0x9c, 0x40, 0x00, 0x00, 0xa0, 0x41, 0x00, 0x00,
    0x80, 0x40, 0x29, 0xd6, 0x98, 0x41, 0x00, 0x00, 0x80, 0x40, 0x00, 0x00, 0x90, 0x41, 0x0c, 0x00,
    0x00, 0x00, 0x80, 0x40, 0x00, 0x00, 0xc0, 0x40, 0x0d, 0x00, 0x00, 0x00, 0x80, 0x40, 0x5e, 0xa7,
    0x9c, 0x40, 0x5e, 0xa7, 0x9c, 0x40, 0x00, 0x00, 0x80, 0x40, 0x00, 0x00, 0xc0, 0x40, 0x00, 0x00,
    0x80, 0x40, 0x0e, 0x00, 0x0b, 0x00, 0x00, 0x00, 0x10, 0x41, 0x00, 0x00, 0x00, 0x41, 0x0c, 0x00,
    0x00, 0x00, 0x70, 0x41, 0x00, 0x00, 0x00, 0x41, 0x0d, 0x00, 0x29, 0xd6, 0x78, 0x41, 0x00, 0x00,
    0x00, 0x41, 0x00, 0x00, 0x80, 0x41, 0xd7, 0x29, 0x07, 0x41, 0x00, 0x00, 0x80, 0x41, 0x00, 0x00,
    0x10, 0x41, 0x0c, 0x00, 0x00, 0x00, 0x80, 0x41, 0x00, 0x00, 0x70, 0x41, 0x0d, 0x00, 0x00, 0x00,
    0x80, 0x41, 0x29, 0xd6, 0x78, 0x41, 0x29, 0xd6, 0x78, 0x41, 0x00, 0x00, 0x80, 0x41, 0x00, 0x00,
    0x70, 0x41, 0x00, 0x00, 0x80, 0x41, 0x0c, 0x00, 0x00, 0x00, 0x10, 0x41, 0x00, 0x00, 0x80, 0x41,
    0x0d, 0x00, 0xd7, 0x29, 0x07, 0x41, 0x00, 0x00, 0x80, 0x41, 0x00, 0x00, 0x00, 0x41, 0x29, 0xd6,
    0x78, 0x41, 0x00, 0x00, 0x00, 0x41, 0x00, 0x00, 0x70, 0x41, 0x0c, 0x00, 0x00, 0x00, 0x00, 0x41,
    0x00, 0x00, 0x10, 0x41, 0x0d, 0x00, 0x00, 0x00, 0x00, 0x41, 0xd7, 0x29, 0x07, 0x41, 0xd7, 0x29,
    0x07, 0x41, 0x00, 0x00, 0x00, 0x41, 0x00, 0x00, 0x10, 0x41, 0x00, 0x00, 0x00, 0x41, 0x0e, 0x00,
    0x10, 0x00, 0x00, 0x00,
    // dash @ 6966, 48 bytes
    0x01, 0x00, 0x00, 0x00, 0x00, 0x00, 0x00, 0x00, 0x00, 0x00, 0x00, 0x00, 0xc0, 0x41, 0x00, 0x00,
    0xc0, 0x41, 0x02, 0x00, 0x00, 0x00, 0x00, 0x40, 0x0b, 0x00, 0x00, 0x00, 0xa0, 0x40, 0x00, 0x00,
    0x40, 0x41, 0x0c, 0x00, 0x00, 0x00, 0x98, 0x41, 0x00, 0x00, 0x40, 0x41, 0x10, 0x00, 0x00, 0x00,
    // delete @ 7014, 276 bytes
    0x01, 0x00, 0x00, 0x00, 0x00, 0x00, 0x00, 0x00, 0x00, 0x00, 0x00, 0x00, 0xc0, 0x41, 0x00, 0x00,
    0xc0, 0x41, 0x02, 0x00, 0x00, 0x00, 0x00, 0x40, 0x0b, 0x00, 0x00, 0x00, 0x20, 0x41, 0x00, 0x00,
    0xa0, 0x40, 0x0d, 0x00, 0x39, 0x0d, 0x18, 0x41, 0x3b, 0x00, 0xa0, 0x40, 0xba, 0x61, 0x10, 0x41,
    0xae, 0xec, 0xa5, 0x40, 0xfa, 0x7e, 0x0a, 0x41, 0xa6, 0x9b, 0xb0, 0x40, 0x0c, 0x00, 0xf4, 0xfd,
    0x14, 0x40, 0xdd, 0x24, 0x34, 0x41, 0x0d, 0x00, 0xe1, 0xa1, 0x07, 0x40, 0xdb, 0x2c, 0x37, 0x41,
    0xec, 0x00, 0x00, 0x40, 0x4d, 0x7b, 0x3b, 0x41, 0xec, 0x00, 0x00, 0x40, 0xf4, 0xfd, 0x3f, 0x41,
    0x0d, 0x00, 0xec, 0x00, 0x00, 0x40, 0x9a, 0x80, 0x44, 0x41, 0xe1, 0xa1, 0x07, 0x40, 0x0d, 0xcf,
    0x48, 0x41, 0xf4, 0xfd, 0x14, 0x40, 0x0a, 0xd7, 0x4b, 0x41, 0x0c, 0x00, 0xfa, 0x7e, 0x0a, 0x41,
    0x17, 0xd9, 0x93, 0x41, 0x0d, 0x00, 0xba, 0x61, 0x10, 0x41, 0xd5, 0x84, 0x96, 0x41, 0x39, 0x0d,
    0x18, 0x41, 0xf1, 0xff, 0x97, 0x41, 0x00, 0x00, 0x20, 0x41, 0x00, 0x00, 0x98, 0x41, 0x0c, 0x00,
    0x00, 0x00, 0xa0, 0x41, 0x00, 0x00, 0x98, 0x41, 0x0d, 0x00, 0x00, 0xc7, 0xa8, 0x41, 0x00, 0x00,
    0x98, 0x41, 0x00, 0x00, 0xb0, 0x41, 0x00, 0xc7, 0x90, 0x41, 0x00, 0x00, 0xb0, 0x41, 0x00, 0x00,
    0x88, 0x41, 0x0c, 0x00, 0x00, 0x00, 0xb0, 0x41, 0x00, 0x00, 0xe0, 0x40, 0x0d, 0x00, 0x00, 0x00,
    0xb0, 0x41, 0x01, 0xe4, 0xbc, 0x40, 0x00, 0xc7, 0xa8, 0x41, 0x00, 0x00, 0xa0, 0x40, 0x00, 0x00,
    0xa0, 0x41, 0x00, 0x00, 0xa0, 0x40, 0x0e, 0x00, 0x0b, 0x00, 0x00, 0x00, 0x40, 0x41, 0x00, 0x00,
    0x10, 0x41, 0x0c, 0x00, 0x00, 0x00, 0x90, 0x41, 0x00, 0x00, 0x70, 0x41, 0x0b, 0x00, 0x00, 0x00,
    0x90, 0x41, 0x00, 0x00, 0x10, 0x41, 0x0c, 0x00, 0x00, 0x00, 0x40, 0x41, 0x00, 0x00, 0x70, 0x41,
    0x10, 0x00, 0x00, 0x00,
    // ellipsis @ 7290, 496 bytes
    0x01, 0x00, 0x00, 0x00, 0x00, 0x00, 0x00, 0x00, 0x00, 0x00, 0x00, 0x00, 0xc0, 0x41, 0x00, 0x00,
    0xc0, 0x41, 0x02, 0x00, 0x00, 0x00, 0x00, 0x40, 0x0b, 0x00, 0x00, 0x00, 0x40, 0x41, 0x00, 0x00,
    0x30, 0x41, 0x0c, 0x00, 0x00, 0x00, 0x40, 0x41, 0x00, 0x00, 0x30, 0x41, 0x0d, 0x00, 0x29, 0xd6,
    0x48, 0x41, 0x00, 0x00, 0x30, 0x41, 0x00, 0x00, 0x50, 0x41, 0xd7, 0x29, 0x37, 0x41, 0x00, 0x00,
    0x50, 0x41, 0x00, 0x00, 0x40, 0x41, 0x0c, 0x00, 0x00, 0x00, 0x50, 0x41, 0x00, 0x00, 0x40, 0x41,
    0x0d, 0x00, 0x00, 0x00, 0x50, 0x41, 0x29, 0xd6, 0x48, 0x41, 0x29, 0xd6, 0x48, 0x41, 0x00, 0x00,
    0x50, 0x41, 0x00, 0x00, 0x40, 0x41, 0x00, 0x00, 0x50, 0x41, 0x0c, 0x00, 0x00, 0x00, 0x40, 0x41,
    0x00, 0x00, 0x50, 0x41, 0x0d, 0x00, 0xd7, 0x29, 0x37, 0x41, 0x00, 0x00, 0x50, 0x41, 0x00, 0x00,
    0x30, 0x41, 0x29, 0xd6, 0x48, 0x41, 0x00, 0x00, 0x30, 0x41, 0x00, 0x00, 0x40, 0x41, 0x0c, 0x00,
    0x00, 0x00, 0x30, 0x41, 0x00, 0x00, 0x40, 0x41, 0x0d, 0x00, 0x00, 0x00, 0x30, 0x41, 0xd7, 0x29,
    0x37, 0x41, 0xd7, 0x29, 0x37, 0x41, 0x00, 0x00, 0x30, 0x41, 0x00, 0x00, 0x40, 0x41, 0x00, 0x00,
    0x30, 0x41, 0x0e, 0x00, 0x0b, 0x00, 0x00, 0x00, 0x98, 0x41, 0x00, 0x00, 0x30, 0x41, 0x0c, 0x00,
    0x00, 0x00, 0x98, 0x41, 0x00, 0x00, 0x30, 0x41, 0x0d, 0x00, 0x14, 0x6b, 0x9c, 0x41, 0x00, 0x00,
    0x30, 0x41, 0x00, 0x00, 0xa0, 0x41, 0xd7, 0x29, 0x37, 0x41, 0x00, 0x00, 0xa0, 0x41, 0x00, 0x00,
    0x40, 0x41, 0x0c, 0x00, 0x00, 0x00, 0xa0, 0x41, 0x00, 0x00, 0x40, 0x41, 0x0d, 0x00, 0x00, 0x00,
    0xa0, 0x41, 0x29, 0xd6, 0x48, 0x41, 0x14, 0x6b, 0x9c, 0x41, 0x00, 0x00, 0x50, 0x41, 0x00, 0x00,
    0x98, 0x41, 0x00, 0x00, 0x50, 0x41, 0x0c, 0x00, 0x00, 0x00, 0x98, 0x41, 0x00, 0x00, 0x50, 0x41,
    0x0d, 0x00, 0xec, 0x94, 0x93, 0x41, 0x00, 0x00, 0x50, 0x41, 0x00, 0x00, 0x90, 0x41, 0x29, 0xd6,
    0x48, 0x41, 0x00, 0x00, 0x90, 0x41, 0x00, 0x00, 0x40, 0x41, 0x0c, 0x00, 0x00, 0x00, 0x90, 0x41,
    0x00, 0x00, 0x40, 0x41, 0x0d, 0x00, 0x00, 0x00, 0x90, 0x41, 0xd7, 0x29, 0x37, 0x41, 0xec, 0x94,
    0x93, 0x41, 0x00, 0x00, 0x30, 0x41, 0x00, 0x00, 0x98, 0x41, 0x00, 0x00, 0x30, 0x41, 0x0e, 0x00,
    0x0b, 0x00, 0x00, 0x00, 0xa0, 0x40, 0x00, 0x00, 0x30, 0x41, 0x0c, 0x00, 0x00, 0x00, 0xa0, 0x40,
    0x00, 0x00, 0x30, 0x41, 0x0d, 0x00, 0x51, 0xac, 0xb1, 0x40, 0x00, 0x00, 0x30, 0x41, 0x00, 0x00,
    0xc0, 0x40, 0xd7, 0x29, 0x37, 0x41, 0x00, 0x00, 0xc0, 0x40, 0x00, 0x00, 0x40, 0x41, 0x0c, 0x00,
    0x00, 0x00, 0xc0, 0x40, 0x00, 0x00, 0x40, 0x41, 0x0d, 0x00, 0x00, 0x00, 0xc0, 0x40, 0x29, 0xd6,
    0x48, 0x41, 0x51, 0xac, 0xb1, 0x40, 0x00, 0x00, 0x50, 0x41, 0x00, 0x00, 0xa0, 0x40, 0x00, 0x00,
    0x50, 0x41, 0x0c, 0x00, 0x00, 0x00, 0xa0, 0x40, 0x00, 0x00, 0x50, 0x41, 0x0d, 0x00, 0xaf, 0x53,
    0x8e, 0x40, 0x00, 0x00, 0x50, 0x41, 0x00, 0x00, 0x80, 0x40, 0x29, 0xd6, 0x48, 0x41, 0x00, 0x00,
    0x80, 0x40, 0x00, 0x00, 0x40, 0x41, 0x0c, 0x00, 0x00, 0x00, 0x80, 0x40, 0x00, 0x00, 0x40, 0x41,
    0x0d, 0x00, 0x00, 0x00, 0x80, 0x40, 0xd7, 0x29, 0x37, 0x41, 0xaf, 0x53, 0x8e, 0x40, 0x00, 0x00,
    0x30, 0x41, 0x00, 0x00, 0xa0, 0x40, 0x00, 0x00, 0x30, 0x41, 0x0e, 0x00, 0x10, 0x00, 0x00, 0x00,
    // ellipsis-vertical @ 7786, 496 bytes
    0x01, 0x00, 0x00, 0x00, 0x00, 0x00, 0x00, 0x00, 0x00, 0x00, 0x00, 0x00, 0xc0, 0x41, 0x00, 0x00,
    0xc0, 0x41, 0x02, 0x00, 0x00, 0x00, 0x00, 0x40, 0x0b, 0x00, 0x00, 0x00, 0x40, 0x41, 0x00, 0x00,
    0x30, 0x41, 0x0c, 0x00, 0x00, 0x00, 0x40, 0x41, 0x00, 0x00, 0x30, 0x41, 0x0d, 0x00, 0x29, 0xd6,
    0x48, 0x41, 0x00, 0x00, 0x30, 0x41, 0x00, 0x00, 0x50, 0x41, 0xd7, 0x29, 0x37, 0x41, 0x00, 0x00,
    0x50, 0x41, 0x00, 0x00, 0x40, 0x41, 0x0c, 0x00, 0x00, 0x00, 0x50, 0x41, 0x00, 0x00, 0x40, 0x41,
    0x0d, 0x00, 0x00, 0x00, 0x50, 0x41, 0x29, 0xd6, 0x48, 0x41, 0x29, 0xd6, 0x48, 0x41, 0x00, 0x00,
    0x50, 0x41, 0x00, 0x00, 0x40, 0x41, 0x00, 0x00, 0x50, 0x41, 0x0c, 0x00, 0x00, 0x00, 0x40, 0x41,
    0x00, 0x00, 0x50, 0x41, 0x0d, 0x00, 0xd7, 0x29, 0x37, 0x41, 0x00, 0x00, 0x50, 0x41, 0x00, 0x00,
    0x30, 0x41, 0x29, 0xd6, 0x48, 0x41, 0x00, 0x00, 0x30, 0x41, 0x00, 0x00, 0x40, 0x41, 0x0c, 0x00,
    0x00, 0x00, 0x30, 0x41, 0x00, 0x00, 0x40, 0x41, 0x0d, 0x00, 0x00, 0x00, 0x30, 0x41, 0xd7, 0x29,
    0x37, 0x41, 0xd7, 0x29, 0x37, 0x41, 0x00, 0x00, 0x30, 0x41, 0x00, 0x00, 0x40, 0x41, 0x00, 0x00,
    0x30, 0x41, 0x0e, 0x00, 0x0b, 0x00, 0x00, 0x00, 0x40, 0x41, 0x00, 0x00, 0x80, 0x40, 0x0c, 0x00,
    0x00, 0x00, 0x40, 0x41, 0x00, 0x00, 0x80, 0x40, 0x0d, 0x00, 0x29, 0xd6, 0x48, 0x41, 0x00, 0x00,
    0x80, 0x40, 0x00, 0x00, 0x50, 0x41, 0xaf, 0x53, 0x8e, 0x40, 0x00, 0x00, 0x50, 0x41, 0x00, 0x00,
    0xa0, 0x40, 0x0c, 0x00, 0x00, 0x00, 0x50, 0x41, 0x00, 0x00, 0xa0, 0x40, 0x0d, 0x00, 0x00, 0x00,
    0x50, 0x41, 0x51, 0xac, 0xb1, 0x40, 0x29, 0xd6, 0x48, 0x41, 0x00, 0x00, 0xc0, 0x40, 0x00, 0x00,
    0x40, 0x41, 0x00, 0x00, 0xc0, 0x40, 0x0c, 0x00, 0x00, 0x00, 0x40, 0x41, 0x00, 0x00, 0xc0, 0x40,
    0x0d, 0x00, 0xd7, 0x29, 0x37, 0x41, 0x00, 0x00, 0xc0, 0x40, 0x00, 0x00, 0x30, 0x41, 0x51, 0xac,
    0xb1, 0x40, 0x00, 0x00, 0x30, 0x41, 0x00, 0x00, 0xa0, 0x40, 0x0c, 0x00, 0x00, 0x00, 0x30, 0x41,
    0x00, 0x00, 0xa0, 0x40, 0x0d, 0x00, 0x00, 0x00, 0x30, 0x41, 0xaf, 0x53, 0x8e, 0x40, 0xd7, 0x29,
    0x37, 0x41, 0x00, 0x00, 0x80, 0x40, 0x00, 0x00, 0x40, 0x41, 0x00, 0x00, 0x80, 0x40, 0x0e, 0x00,
    0x0b, 0x00, 0x00, 0x00, 0x40, 0x41, 0x00, 0x00, 0x90, 0x41, 0x0c, 0x00, 0x00, 0x00, 0x40, 0x41,
    0x00, 0x00, 0x90, 0x41, 0x0d, 0x00, 0x29, 0xd6, 0x48, 0x41, 0x00, 0x00, 0x90, 0x41, 0x00, 0x00,
    0x50, 0x41, 0xec, 0x94, 0x93, 0x41, 0x00, 0x00, 0x50, 0x41, 0x00, 0x00, 0x98, 0x41, 0x0c, 0x00,
    0x00, 0x00, 0x50, 0x41, 0x00, 0x00, 0x98, 0x41, 0x0d, 0x00, 0x00, 0x00, 0x50, 0x41, 0x14, 0x6b,
    0x9c, 0x41, 0x29, 0xd6, 0x48, 0x41, 0x00, 0x00, 0xa0, 0x41, 0x00, 0x00, 0x40, 0x41, 0x00, 0x00,
    0xa0, 0x41, 0x0c, 0x00, 0x00, 0x00, 0x40, 0x41, 0x00, 0x00, 0xa0, 0x41, 0x0d, 0x00, 0xd7, 0x29,
    0x37, 0x41, 0x00, 0x00, 0xa0, 0x41, 0x00, 0x00, 0x30, 0x41, 0x14, 0x6b, 0x9c, 0x41, 0x00, 0x00,
    0x30, 0x41, 0x00, 0x00, 0x98, 0x41, 0x0c, 0x00, 0x00, 0x00, 0x30, 0x41, 0x00, 0x00, 0x98, 0x41,
    0x0d, 0x00, 0x00, 0x00, 0x30, 0x41, 0xec, 0x94, 0x93, 0x41, 0xd7, 0x29, 0x37, 0x41, 0x00, 0x00,
    0x90, 0x41, 0x00, 0x00, 0x40, 0x41, 0x00, 0x00, 0x90, 0x41, 0x0e, 0x00, 0x10, 0x00, 0x00, 0x00,
    // external-link @ 8282, 206 bytes
    0x01, 0x00, 0x00, 0x00, 0x00, 0x00, 0x00, 0x00, 0x00, 0x00, 0x00, 0x00, 0xc0, 0x41, 0x00, 0x00,
    0xc0, 0x41, 0x02, 0x00, 0x00, 0x00, 0x00, 0x40, 0x0b, 0x00, 0x00, 0x00, 0x70, 0x41, 0x00, 0x00,
    0x40, 0x40, 0x0c, 0x00, 0x00, 0x00, 0xa8, 0x41, 0x00, 0x00, 0x40, 0x40, 0x0c, 0x00, 0x00, 0x00,
    0xa8, 0x41, 0x00, 0x00, 0x10, 0x41, 0x0b, 0x00, 0x00, 0x00, 0x20, 0x41, 0x00, 0x00, 0x60, 0x41,
    0x0c, 0x00, 0x00, 0x00, 0xa8, 0x41, 0x00, 0x00, 0x40, 0x40, 0x0b, 0x00, 0x00, 0x00, 0x90, 0x41,
    0x00, 0x00, 0x50, 0x41, 0x0c, 0x00, 0x00, 0x00, 0x90, 0x41, 0x00, 0x00, 0x98, 0x41, 0x0d, 0x00,
    0x00, 0x00, 0x90, 0x41, 0x00, 0xc7, 0xa0, 0x41, 0x00, 0xc7, 0x88, 0x41, 0x00, 0x00, 0xa8, 0x41,
    0x00, 0x00, 0x80, 0x41, 0x00, 0x00, 0xa8, 0x41, 0x0c, 0x00, 0x00, 0x00, 0xa0, 0x40, 0x00, 0x00,
    0xa8, 0x41, 0x0d, 0x00, 0x02, 0xc8, 0x79, 0x40, 0x00, 0x00, 0xa8, 0x41, 0x00, 0x00, 0x40, 0x40,
    0x00, 0xc7, 0xa0, 0x41, 0x00, 0x00, 0x40, 0x40, 0x00, 0x00, 0x98, 0x41, 0x0c, 0x00, 0x00, 0x00,
    0x40, 0x40, 0x00, 0x00, 0x00, 0x41, 0x0d, 0x00, 0x00, 0x00, 0x40, 0x40, 0x01, 0xe4, 0xdc, 0x40,
    0x02, 0xc8, 0x79, 0x40, 0x00, 0x00, 0xc0, 0x40, 0x00, 0x00, 0xa0, 0x40, 0x00, 0x00, 0xc0, 0x40,
    0x0c, 0x00, 0x00, 0x00, 0x30, 0x41, 0x00, 0x00, 0xc0, 0x40, 0x10, 0x00, 0x00, 0x00,
    // eye @ 8488, 350 bytes
    0x01, 0x00, 0x00, 0x00, 0x00, 0x00, 0x00, 0x00, 0x00, 0x00, 0x00, 0x00, 0xc0, 0x41, 0x00, 0x00,
    0xc0, 0x41, 0x02, 0x00, 0x00, 0x00, 0x00, 0x40, 0x0b, 0x00, 0xcf, 0xf7, 0x03, 0x40, 0x68, 0x91,
    0x45, 0x41, 0x0d, 0x00, 0x69, 0x45, 0xfd, 0x3f, 0x07, 0xfa, 0x41, 0x41, 0x69, 0x45, 0xfd, 0x3f,
    0xf9, 0x05, 0x3e, 0x41, 0xcf, 0xf7, 0x03, 0x40, 0x98, 0x6e, 0x3a, 0x41, 0x0d, 0x00, 0x7a, 0xfe,
    0x6d, 0x40, 0x7d, 0x52, 0xf4, 0x40, 0x9c, 0xf4, 0xf4, 0x40, 0x0d, 0x05, 0xa0, 0x40, 0x00, 0x00,
    0x40, 0x41, 0x0d, 0x05, 0xa0, 0x40, 0x0d, 0x00, 0xd9, 0xc2, 0x82, 0x41, 0x0d, 0x05, 0xa0, 0x40,
    0x31, 0x40, 0xa2, 0x41, 0x7d, 0x52, 0xf4, 0x40, 0x06, 0x81, 0xaf, 0x41, 0x98, 0x6e, 0x3a, 0x41,
    0x0d, 0x00, 0xa9, 0x2b, 0xb0, 0x41, 0xf9, 0x05, 0x3e, 0x41, 0xa9, 0x2b, 0xb0, 0x41, 0x07, 0xfa,
    0x41, 0x41, 0x06, 0x81, 0xaf, 0x41, 0x68, 0x91, 0x45, 0x41, 0x0d, 0x00, 0x31, 0x40, 0xa2, 0x41,
    0x61, 0xeb, 0x82, 0x41, 0xd9, 0xc2, 0x82, 0x41, 0xbd, 0xfe, 0x97, 0x41, 0x00, 0x00, 0x40, 0x41,
    0xbd, 0xfe, 0x97, 0x41, 0x0d, 0x00, 0x9c, 0xf4, 0xf4, 0x40, 0xbd, 0xfe, 0x97, 0x41, 0x7a, 0xfe,
    0x6d, 0x40, 0x61, 0xeb, 0x82, 0x41, 0xcf, 0xf7, 0x03, 0x40, 0x68, 0x91, 0x45, 0x41, 0x0b, 0x00,
    0x00, 0x00, 0x40, 0x41, 0x00, 0x00, 0x10, 0x41, 0x0c, 0x00, 0x00, 0x00, 0x40, 0x41, 0x00, 0x00,
    0x10, 0x41, 0x0d, 0x00, 0x7a, 0x82, 0x5a, 0x41, 0x00, 0x00, 0x10, 0x41, 0x00, 0x00, 0x70, 0x41,
    0x86, 0x7d, 0x25, 0x41, 0x00, 0x00, 0x70, 0x41, 0x00, 0x00, 0x40, 0x41, 0x0c, 0x00, 0x00, 0x00,
    0x70, 0x41, 0x00, 0x00, 0x40, 0x41, 0x0d, 0x00, 0x00, 0x00, 0x70, 0x41, 0x7a, 0x82, 0x5a, 0x41,
    0x7a, 0x82, 0x5a, 0x41, 0x00, 0x00, 0x70, 0x41, 0x00, 0x00, 0x40, 0x41, 0x00, 0x00, 0x70, 0x41,
    0x0c, 0x00, 0x00, 0x00, 0x40, 0x41, 0x00, 0x00, 0x70, 0x41, 0x0d, 0x00, 0x86, 0x7d, 0x25, 0x41,
    0x00, 0x00, 0x70, 0x41, 0x00, 0x00, 0x10, 0x41, 0x7a, 0x82, 0x5a, 0x41, 0x00, 0x00, 0x10, 0x41,
    0x00, 0x00, 0x40, 0x41, 0x0c, 0x00, 0x00, 0x00, 0x10, 0x41, 0x00, 0x00, 0x40, 0x41, 0x0d, 0x00,
    0x00, 0x00, 0x10, 0x41, 0x86, 0x7d, 0x25, 0x41, 0x86, 0x7d, 0x25, 0x41, 0x00, 0x00, 0x10, 0x41,
    0x00, 0x00, 0x40, 0x41, 0x00, 0x00, 0x10, 0x41, 0x0e, 0x00, 0x10, 0x00, 0x00, 0x00,
    // eye-off @ 8838, 312 bytes
    0x01, 0x00, 0x00, 0x00, 0x00, 0x00, 0x00, 0x00, 0x00, 0x00, 0x00, 0x00, 0xc0, 0x41, 0x00, 0x00,
    0xc0, 0x41, 0x02, 0x00, 0x00, 0x00, 0x00, 0x40, 0x0b, 0x00, 0x5e, 0xba, 0x2b, 0x41, 0x98, 0x6e,
    0xa2, 0x40, 0x0d, 0x00, 0x4a, 0x17, 0x78, 0x41, 0x3c, 0x3b, 0x90, 0x40, 0x90, 0xda, 0xa0, 0x41,
    0x63, 0xa0, 0xe6, 0x40, 0x06, 0x81, 0xaf, 0x41, 0x7f, 0x6a, 0x3a, 0x41, 0x0d, 0x00, 0xa9, 0x2b,
    0xb0, 0x41, 0xe0, 0x01, 0x3e, 0x41, 0xa9, 0x2b, 0xb0, 0x41, 0xef, 0xf5, 0x41, 0x41, 0x06, 0x81,
    0xaf, 0x41, 0x50, 0x8d, 0x45, 0x41, 0x0d, 0x00, 0x62, 0x90, 0xac, 0x41, 0xcf, 0xce, 0x53, 0x41,
    0xaf, 0xad, 0xa8, 0x41, 0x49, 0x35, 0x61, 0x41, 0xb6, 0xf3, 0xa3, 0x41, 0x5a, 0x64, 0x6d, 0x41,
    0x0b, 0x00, 0x10, 0x58, 0x61, 0x41, 0x2b, 0x87, 0x62, 0x41, 0x0d, 0x00, 0x57, 0xa1, 0x4e, 0x41,
    0x34, 0x9a, 0x74, 0x41, 0x1b, 0x74, 0x30, 0x41, 0x13, 0x57, 0x74, 0x41, 0x84, 0x0e, 0x1e, 0x41,
    0x7c, 0xf1, 0x61, 0x41, 0x0d, 0x00, 0xed, 0xa8, 0x0b, 0x41, 0xe5, 0x8b, 0x4f, 0x41, 0xcc, 0x65,
    0x0b, 0x41, 0xa9, 0x5e, 0x31, 0x41, 0xd5, 0x78, 0x1d, 0x41, 0xf0, 0xa7, 0x1e, 0x41, 0x0b, 0x00,
    0xfe, 0xd4, 0x8b, 0x41, 0xf4, 0xfd, 0x8b, 0x41, 0x0d, 0x00, 0xf7, 0xbd, 0x6c, 0x41, 0x61, 0xb4,
    0x98, 0x41, 0x70, 0xd0, 0x38, 0x41, 0xb4, 0x78, 0x9b, 0x41, 0x83, 0x7f, 0x09, 0x41, 0x2b, 0x91,
    0x93, 0x41, 0x0d, 0x00, 0x2c, 0x5d, 0xb4, 0x40, 0xa2, 0xa9, 0x8b, 0x41, 0x15, 0x0a, 0x50, 0x40,
    0x22, 0xb0, 0x73, 0x41, 0xcf, 0xf7, 0x03, 0x40, 0x68, 0x91, 0x45, 0x41, 0x0d, 0x00, 0x69, 0x45,
    0xfd, 0x3f, 0x07, 0xfa, 0x41, 0x41, 0x69, 0x45, 0xfd, 0x3f, 0xf9, 0x05, 0x3e, 0x41, 0xcf, 0xf7,
    0x03, 0x40, 0x98, 0x6e, 0x3a, 0x41, 0x0d, 0x00, 0xe8, 0xb3, 0x3c, 0x40, 0x1b, 0x09, 0x18, 0x41,
    0xd9, 0x49, 0x90, 0x40, 0x2e, 0x4e, 0xf6, 0x40, 0x89, 0x41, 0xd0, 0x40, 0xba, 0x49, 0xd0, 0x40,
    0x0b, 0x00, 0x00, 0x00, 0x00, 0x40, 0x00, 0x00, 0x00, 0x40, 0x0c, 0x00, 0x00, 0x00, 0xb0, 0x41,
    0x00, 0x00, 0xb0, 0x41, 0x10, 0x00, 0x00, 0x00,
    // file @ 9150, 266 bytes
    0x01, 0x00, 0x00, 0x00, 0x00, 0x00, 0x00, 0x00, 0x00, 0x00, 0x00, 0x00, 0xc0, 0x41, 0x00, 0x00,
    0xc0, 0x41, 0x02, 0x00, 0x00, 0x00, 0x00, 0x40, 0x0b, 0x00, 0x00, 0x00, 0xc0, 0x40, 0x00, 0x00,
    0xb0, 0x41, 0x0d, 0x00, 0x01, 0xe4, 0x9c, 0x40, 0x00, 0x00, 0xb0, 0x41, 0x00, 0x00, 0x80, 0x40,
    0x00, 0xc7, 0xa8, 0x41, 0x00, 0x00, 0x80, 0x40, 0x00, 0x00, 0xa0, 0x41, 0x0c, 0x00, 0x00, 0x00,
    0x80, 0x40, 0x00, 0x00, 0x80, 0x40, 0x0d, 0x00, 0x00, 0x00, 0x80, 0x40, 0x02, 0xc8, 0x39, 0x40,
    0x01, 0xe4, 0x9c, 0x40, 0x00, 0x00, 0x00, 0x40, 0x00, 0x00, 0xc0, 0x40, 0x00, 0x00, 0x00, 0x40,
    0x0c, 0x00, 0x00, 0x00, 0x60, 0x41, 0x00, 0x00, 0x00, 0x40, 0x0d, 0x00, 0xd1, 0x39, 0x6a, 0x41,
    0x0f, 0xde, 0xff, 0x3f, 0xd8, 0x0b, 0x74, 0x41, 0x77, 0x35, 0x10, 0x40, 0x96, 0x43, 0x7b, 0x41,
    0x1b, 0x2f, 0x2d, 0x40, 0x0c, 0x00, 0x04, 0x56, 0x9a, 0x41, 0x73, 0x68, 0xc9, 0x40, 0x0d, 0x00,
    0xbb, 0xf7, 0x9d, 0x41, 0x3a, 0xd9, 0xd7, 0x40, 0x21, 0x02, 0xa0, 0x41, 0x57, 0x84, 0xeb, 0x40,
    0x00, 0x00, 0xa0, 0x41, 0x00, 0x00, 0x00, 0x41, 0x0c, 0x00, 0x00, 0x00, 0xa0, 0x41, 0x00, 0x00,
    0xa0, 0x41, 0x0d, 0x00, 0x00, 0x00, 0xa0, 0x41, 0x00, 0xc7, 0xa8, 0x41, 0x00, 0xc7, 0x98, 0x41,
    0x00, 0x00, 0xb0, 0x41, 0x00, 0x00, 0x90, 0x41, 0x00, 0x00, 0xb0, 0x41, 0x0e, 0x00, 0x0b, 0x00,
    0x00, 0x00, 0x60, 0x41, 0x00, 0x00, 0x00, 0x40, 0x0c, 0x00, 0x00, 0x00, 0x60, 0x41, 0x00, 0x00,
    0xe0, 0x40, 0x0d, 0x00, 0x00, 0x00, 0x60, 0x41, 0x00, 0x8e, 0xf1, 0x40, 0x00, 0x39, 0x67, 0x41,
    0x00, 0x00, 0x00, 0x41, 0x00, 0x00, 0x70, 0x41, 0x00, 0x00, 0x00, 0x41, 0x0c, 0x00, 0x00, 0x00,
    0xa0, 0x41, 0x00, 0x00, 0x00, 0x41, 0x10, 0x00, 0x00, 0x00,
    // file-text @ 9416, 326 bytes
    0x01, 0x00, 0x00, 0x00, 0x00, 0x00, 0x00, 0x00, 0x00, 0x00, 0x00, 0x00, 0xc0, 0x41, 0x00, 0x00,
    0xc0, 0x41, 0x02, 0x00, 0x00, 0x00, 0x00, 0x40, 0x0b, 0x00, 0x00, 0x00, 0xc0, 0x40, 0x00, 0x00,
    0xb0, 0x41, 0x0d, 0x00, 0x01, 0xe4, 0x9c, 0x40, 0x00, 0x00, 0xb0, 0x41, 0x00, 0x00, 0x80, 0x40,
    0x00, 0xc7, 0xa8, 0x41, 0x00, 0x00, 0x80, 0x40, 0x00, 0x00, 0xa0, 0x41, 0x0c, 0x00, 0x00, 0x00,
    0x80, 0x40, 0x00, 0x00, 0x80, 0x40, 0x0d, 0x00, 0x00, 0x00, 0x80, 0x40, 0x02, 0xc8, 0x39, 0x40,
    0x01, 0xe4, 0x9c, 0x40, 0x00, 0x00, 0x00, 0x40, 0x00, 0x00, 0xc0, 0x40, 0x00, 0x00, 0x00, 0x40,
    0x0c, 0x00, 0x00, 0x00, 0x60, 0x41, 0x00, 0x00, 0x00, 0x40, 0x0d, 0x00, 0xd1, 0x39, 0x6a, 0x41,
    0x0f, 0xde, 0xff, 0x3f, 0xd8, 0x0b, 0x74, 0x41, 0x77, 0x35, 0x10, 0x40, 0x96, 0x43, 0x7b, 0x41,
    0x1b, 0x2f, 0x2d, 0x40, 0x0c, 0x00, 0x04, 0x56, 0x9a, 0x41, 0x73, 0x68, 0xc9, 0x40, 0x0d, 0x00,
    0xbb, 0xf7, 0x9d, 0x41, 0x3a, 0xd9, 0xd7, 0x40, 0x21, 0x02, 0xa0, 0x41, 0x57, 0x84, 0xeb, 0x40,
    0x00, 0x00, 0xa0, 0x41, 0x00, 0x00, 0x00, 0x41, 0x0c, 0x00, 0x00, 0x00, 0xa0, 0x41, 0x00, 0x00,
    0xa0, 0x41, 0x0d, 0x00, 0x00, 0x00, 0xa0, 0x41, 0x00, 0xc7, 0xa8, 0x41, 0x00, 0xc7, 0x98, 0x41,
    0x00, 0x00, 0xb0, 0x41, 0x00, 0x00, 0x90, 0x41, 0x00, 0x00, 0xb0, 0x41, 0x0e, 0x00, 0x0b, 0x00,
    0x00, 0x00, 0x60, 0x41, 0x00, 0x00, 0x00, 0x40, 0x0c, 0x00, 0x00, 0x00, 0x60, 0x41, 0x00, 0x00,
    0xe0, 0x40, 0x0d, 0x00, 0x00, 0x00, 0x60, 0x41, 0x00, 0x8e, 0xf1, 0x40, 0x00, 0x39, 0x67, 0x41,
    0x00, 0x00, 0x00, 0x41, 0x00, 0x00, 0x70, 0x41, 0x00, 0x00, 0x00, 0x41, 0x0c, 0x00, 0x00, 0x00,
    0xa0, 0x41, 0x00, 0x00, 0x00, 0x41, 0x0b, 0x00, 0x00, 0x00, 0x20, 0x41, 0x00, 0x00, 0x10, 0x41,
    0x0c, 0x00, 0x00, 0x00, 0x00, 0x41, 0x00, 0x00, 0x10, 0x41, 0x0b, 0x00, 0x00, 0x00, 0x80, 0x41,
    0x00, 0x00, 0x50, 0x41, 0x0c, 0x00, 0x00, 0x00, 0x00, 0x41, 0x00, 0x00, 0x50, 0x41, 0x0b, 0x00,
    0x00, 0x00, 0x80, 0x41, 0x00, 0x00, 0x88, 0x41, 0x0c, 0x00, 0x00, 0x00, 0x00, 0x41, 0x00, 0x00,
    0x88, 0x41, 0x10, 0x00, 0x00, 0x00,
    // folder @ 9742, 246 bytes
    0x01, 0x00, 0x00, 0x00, 0x00, 0x00, 0x00, 0x00, 0x00, 0x00, 0x00, 0x00, 0xc0, 0x41, 0x00, 0x00,
    0xc0, 0x41, 0x02, 0x00, 0x00, 0x00, 0x00, 0x40, 0x0b, 0x00, 0x00, 0x00, 0xa0, 0x41, 0x00, 0x00,
    0xa0, 0x41, 0x0d, 0x00, 0x00, 0xc7, 0xa8, 0x41, 0x00, 0x00, 0xa0, 0x41, 0x00, 0x00, 0xb0, 0x41,
    0x00, 0xc7, 0x98, 0x41, 0x00, 0x00, 0xb0, 0x41, 0x00, 0x00, 0x90, 0x41, 0x0c, 0x00, 0x00, 0x00,
    0xb0, 0x41, 0x00, 0x00, 0x00, 0x41, 0x0d, 0x00, 0x00, 0x00, 0xb0, 0x41, 0x01, 0xe4, 0xdc, 0x40,
    0x00, 0xc7, 0xa8, 0x41, 0x00, 0x00, 0xc0, 0x40, 0x00, 0x00, 0xa0, 0x41, 0x00, 0x00, 0xc0, 0x40,
    0x0c, 0x00, 0x9a, 0x99, 0x41, 0x41, 0x00, 0x00, 0xc0, 0x40, 0x0d, 0x00, 0x86, 0xbc, 0x36, 0x41,
    0x88, 0x36, 0xc0, 0x40, 0xe4, 0x88, 0x2c, 0x41, 0xea, 0x58, 0xb5, 0x40, 0x5c, 0x8f, 0x26, 0x41,
    0x33, 0x33, 0xa3, 0x40, 0x0c, 0x00, 0x9a, 0x99, 0x19, 0x41, 0x9a, 0x99, 0x79, 0x40, 0x0d, 0x00,
    0xe1, 0xaf, 0x13, 0x41, 0x62, 0xaf, 0x55, 0x40, 0x7f, 0xa1, 0x09, 0x41, 0xd0, 0x01, 0x40, 0x40,
    0x8f, 0xc2, 0xfd, 0x40, 0x00, 0x00, 0x40, 0x40, 0x0c, 0x00, 0x00, 0x00, 0x80, 0x40, 0x00, 0x00,
    0x40, 0x40, 0x0d, 0x00, 0x02, 0xc8, 0x39, 0x40, 0x00, 0x00, 0x40, 0x40, 0x00, 0x00, 0x00, 0x40,
    0x02, 0xc8, 0x79, 0x40, 0x00, 0x00, 0x00, 0x40, 0x00, 0x00, 0xa0, 0x40, 0x0c, 0x00, 0x00, 0x00,
    0x00, 0x40, 0x00, 0x00, 0x90, 0x41, 0x0d, 0x00, 0x00, 0x00, 0x00, 0x40, 0x00, 0xc7, 0x98, 0x41,
    0x02, 0xc8, 0x39, 0x40, 0x00, 0x00, 0xa0, 0x41, 0x00, 0x00, 0x80, 0x40, 0x00, 0x00, 0xa0, 0x41,
    0x0e, 0x00, 0x10, 0x00, 0x00, 0x00,
    // folder-closed @ 9988, 266 bytes
    0x01, 0x00, 0x00, 0x00, 0x00, 0x00, 0x00, 0x00, 0x00, 0x00, 0x00, 0x00, 0xc0, 0x41, 0x00, 0x00,
    0xc0, 0x41, 0x02, 0x00, 0x00, 0x00, 0x00, 0x40, 0x0b, 0x00, 0x00, 0x00, 0xa0, 0x41, 0x00, 0x00,
    0xa0, 0x41, 0x0d, 0x00, 0x00, 0xc7, 0xa8, 0x41, 0x00, 0x00, 0xa0, 0x41, 0x00, 0x00, 0xb0, 0x41,
    0x00, 0xc7, 0x98, 0x41, 0x00, 0x00, 0xb0, 0x41, 0x00, 0x00, 0x90, 0x41, 0x0c, 0x00, 0x00, 0x00,
    0xb0, 0x41, 0x00, 0x00, 0x00, 0x41, 0x0d, 0x00, 0x00, 0x00, 0xb0, 0x41, 0x01, 0xe4, 0xdc, 0x40,
    0x00, 0xc7, 0xa8, 0x41, 0x00, 0x00, 0xc0, 0x40, 0x00, 0x00, 0xa0, 0x41, 0x00, 0x00, 0xc0, 0x40,
    0x0c, 0x00, 0x9a, 0x99, 0x41, 0x41, 0x00, 0x00, 0xc0, 0x40, 0x0d, 0x00, 0x86, 0xbc, 0x36, 0x41,
    0x88, 0x36, 0xc0, 0x40, 0xe4, 0x88, 0x2c, 0x41, 0xea, 0x58, 0xb5, 0x40, 0x5c, 0x8f, 0x26, 0x41,
    0x33, 0x33, 0xa3, 0x40, 0x0c, 0x00, 0x9a, 0x99, 0x19, 0x41, 0x9a, 0x99, 0x79, 0x40, 0x0d, 0x00,
    0xe1, 0xaf, 0x13, 0x41, 0x62, 0xaf, 0x55, 0x40, 0x7f, 0xa1, 0x09, 0x41, 0xd0, 0x01, 0x40, 0x40,
    0x8f, 0xc2, 0xfd, 0x40, 0x00, 0x00, 0x40, 0x40, 0x0c, 0x00, 0x00, 0x00, 0x80, 0x40, 0x00, 0x00,
    0x40, 0x40, 0x0d, 0x00, 0x02, 0xc8, 0x39, 0x40, 0x00, 0x00, 0x40, 0x40, 0x00, 0x00, 0x00, 0x40,
    0x02, 0xc8, 0x79, 0x40, 0x00, 0x00, 0x00, 0x40, 0x00, 0x00, 0xa0, 0x40, 0x0c, 0x00, 0x00, 0x00,
    0x00, 0x40, 0x00, 0x00, 0x90, 0x41, 0x0d, 0x00, 0x00, 0x00, 0x00, 0x40, 0x00, 0xc7, 0x98, 0x41,
    0x02, 0xc8, 0x39, 0x40, 0x00, 0x00, 0xa0, 0x41, 0x00, 0x00, 0x80, 0x40, 0x00, 0x00, 0xa0, 0x41,
    0x0e, 0x00, 0x0b, 0x00, 0x00, 0x00, 0x00, 0x40, 0x00, 0x00, 0x20, 0x41, 0x0c, 0x00, 0x00, 0x00,
    0xb0, 0x41, 0x00, 0x00, 0x20, 0x41, 0x10, 0x00, 0x00, 0x00,
    // folder-open @ 10254, 362 bytes
    0x01, 0x00, 0x00, 0x00, 0x00, 0x00, 0x00, 0x00, 0x00, 0x00, 0x00, 0x00, 0xc0, 0x41, 0x00, 0x00,
    0xc0, 0x41, 0x02, 0x00, 0x00, 0x00, 0x00, 0x40, 0x0b, 0x00, 0x00, 0x00, 0xc0, 0x40, 0x00, 0x00,
    0x60, 0x41, 0x0c, 0x00, 0x00, 0x00, 0xf0, 0x40, 0x9a, 0x99, 0x31, 0x41, 0x0d, 0x00, 0x40, 0x9e,
    0xfa, 0x40, 0x63, 0x0e, 0x27, 0x41, 0xc5, 0x09, 0x08, 0x41, 0x01, 0x46, 0x20, 0x41, 0x0a, 0xd7,
    0x13, 0x41, 0x00, 0x00, 0x20, 0x41, 0x0c, 0x00, 0x00, 0x00, 0xa0, 0x41, 0x00, 0x00, 0x20, 0x41,
    0x0d, 0x00, 0x35, 0xf3, 0xa4, 0x41, 0x8e, 0xfb, 0x1f, 0x41, 0x47, 0xa2, 0xa9, 0x41, 0x7c, 0x8f,
    0x24, 0x41, 0x29, 0xab, 0xac, 0x41, 0xc2, 0x61, 0x2c, 0x41, 0x0d, 0x00, 0x0b, 0xb4, 0xaf, 0x41,
    0x08, 0x34, 0x34, 0x41, 0xed, 0xc1, 0xb0, 0x41, 0x0f, 0x6a, 0x3e, 0x41, 0x1f, 0x85, 0xaf, 0x41,
    0x00, 0x00, 0x48, 0x41, 0x0c, 0x00, 0x33, 0x33, 0xa3, 0x41, 0x00, 0x00, 0x94, 0x41, 0x0d, 0x00,
    0x42, 0x5f, 0xa1, 0x41, 0x82, 0x14, 0x9b, 0x41, 0x7f, 0xe9, 0x9a, 0x41, 0xa2, 0x0c, 0xa0, 0x41,
    0x9a, 0x99, 0x93, 0x41, 0x00, 0x00, 0xa0, 0x41, 0x0c, 0x00, 0x00, 0x00, 0x80, 0x40, 0x00, 0x00,
    0xa0, 0x41, 0x0d, 0x00, 0x02, 0xc8, 0x39, 0x40, 0x00, 0x00, 0xa0, 0x41, 0x00, 0x00, 0x00, 0x40,
    0x00, 0xc7, 0x98, 0x41, 0x00, 0x00, 0x00, 0x40, 0x00, 0x00, 0x90, 0x41, 0x0c, 0x00, 0x00, 0x00,
    0x00, 0x40, 0x00, 0x00, 0xa0, 0x40, 0x0d, 0x00, 0x00, 0x00, 0x00, 0x40, 0x02, 0xc8, 0x79, 0x40,
    0x02, 0xc8, 0x39, 0x40, 0x00, 0x00, 0x40, 0x40, 0x00, 0x00, 0x80, 0x40, 0x00, 0x00, 0x40, 0x40,
    0x0c, 0x00, 0xcd, 0xcc, 0xfc, 0x40, 0x00, 0x00, 0x40, 0x40, 0x0d, 0x00, 0x7a, 0x43, 0x09, 0x41,
    0xef, 0x92, 0x3f, 0x40, 0x1c, 0x77, 0x13, 0x41, 0x2c, 0x4e, 0x55, 0x40, 0xa4, 0x70, 0x19, 0x41,
    0x9a, 0x99, 0x79, 0x40, 0x0c, 0x00, 0x66, 0x66, 0x26, 0x41, 0x33, 0x33, 0xa3, 0x40, 0x0d, 0x00,
    0x1f, 0x50, 0x2c, 0x41, 0x4f, 0x28, 0xb5, 0x40, 0x81, 0x5e, 0x36, 0x41, 0x18, 0xff, 0xbf, 0x40,
    0xb8, 0x1e, 0x41, 0x41, 0x00, 0x00, 0xc0, 0x40, 0x0c, 0x00, 0x00, 0x00, 0x90, 0x41, 0x00, 0x00,
    0xc0, 0x40, 0x0d, 0x00, 0x00, 0xc7, 0x98, 0x41, 0x00, 0x00, 0xc0, 0x40, 0x00, 0x00, 0xa0, 0x41,
    0x01, 0xe4, 0xdc, 0x40, 0x00, 0x00, 0xa0, 0x41, 0x00, 0x00, 0x00, 0x41, 0x0c, 0x00, 0x00, 0x00,
    0xa0, 0x41, 0x00, 0x00, 0x20, 0x41, 0x10, 0x00, 0x00, 0x00,
    // frame @ 10616, 108 bytes
    0x01, 0x00, 0x00, 0x00, 0x00, 0x00, 0x00, 0x00, 0x00, 0x00, 0x00, 0x00, 0xc0, 0x41, 0x00, 0x00,
    0xc0, 0x41, 0x02, 0x00, 0x00, 0x00, 0x00, 0x40, 0x0b, 0x00, 0x00, 0x00, 0xb0, 0x41, 0x00, 0x00,
    0xc0, 0x40, 0x0c, 0x00, 0x00, 0x00, 0x00, 0x40, 0x00, 0x00, 0xc0, 0x40, 0x0b, 0x00, 0x00, 0x00,
    0xb0, 0x41, 0x00, 0x00, 0x90, 0x41, 0x0c, 0x00, 0x00, 0x00, 0x00, 0x40, 0x00, 0x00, 0x90, 0x41,
    0x0b, 0x00, 0x00, 0x00, 0xc0, 0x40, 0x00, 0x00, 0x00, 0x40, 0x0c, 0x00, 0x00, 0x00, 0xc0, 0x40,
    0x00, 0x00, 0xb0, 0x41, 0x0b, 0x00, 0x00, 0x00, 0x90, 0x41, 0x00, 0x00, 0x00, 0x40, 0x0c, 0x00,
    0x00, 0x00, 0x90, 0x41, 0x00, 0x00, 0xb0, 0x41, 0x10, 0x00, 0x00, 0x00,
    // gallery-vertical-end @ 10724, 224 bytes
    0x01, 0x00, 0x00, 0x00, 0x00, 0x00, 0x00, 0x00, 0x00, 0x00, 0x00, 0x00, 0xc0, 0x41, 0x00, 0x00,
    0xc0, 0x41, 0x02, 0x00, 0x00, 0x00, 0x00, 0x40, 0x0b, 0x00, 0x00, 0x00, 0xe0, 0x40, 0x00, 0x00,
    0x00, 0x40, 0x0c, 0x00, 0x00, 0x00, 0x88, 0x41, 0x00, 0x00, 0x00, 0x40, 0x0b, 0x00, 0x00, 0x00,
    0xa0, 0x40, 0x00, 0x00, 0xc0, 0x40, 0x0c, 0x00, 0x00, 0x00, 0x98, 0x41, 0x00, 0x00, 0xc0, 0x40,
    0x0b, 0x00, 0x00, 0x00, 0xa0, 0x40, 0x00, 0x00, 0x20, 0x41, 0x0c, 0x00, 0x00, 0x00, 0x98, 0x41,
    0x00, 0x00, 0x20, 0x41, 0x0d, 0x00, 0x29, 0xd6, 0xa0, 0x41, 0x00, 0x00, 0x20, 0x41, 0x00, 0x00,
    0xa8, 0x41, 0xaf, 0x53, 0x2e, 0x41, 0x00, 0x00, 0xa8, 0x41, 0x00, 0x00, 0x40, 0x41, 0x0c, 0x00,
    0x00, 0x00, 0xa8, 0x41, 0x00, 0x00, 0xa0, 0x41, 0x0d, 0x00, 0x00, 0x00, 0xa8, 0x41, 0x29, 0xd6,
    0xa8, 0x41, 0x29, 0xd6, 0xa0, 0x41, 0x00, 0x00, 0xb0, 0x41, 0x00, 0x00, 0x98, 0x41, 0x00, 0x00,
    0xb0, 0x41, 0x0c, 0x00, 0x00, 0x00, 0xa0, 0x40, 0x00, 0x00, 0xb0, 0x41, 0x0d, 0x00, 0xbc, 0x4e,
    0x79, 0x40, 0x00, 0x00, 0xb0, 0x41, 0x00, 0x00, 0x40, 0x40, 0x29, 0xd6, 0xa8, 0x41, 0x00, 0x00,
    0x40, 0x40, 0x00, 0x00, 0xa0, 0x41, 0x0c, 0x00, 0x00, 0x00, 0x40, 0x40, 0x00, 0x00, 0x40, 0x41,
    0x0d, 0x00, 0x00, 0x00, 0x40, 0x40, 0xaf, 0x53, 0x2e, 0x41, 0xbc, 0x4e, 0x79, 0x40, 0x00, 0x00,
    0x20, 0x41, 0x00, 0x00, 0xa0, 0x40, 0x00, 0x00, 0x20, 0x41, 0x0e, 0x00, 0x10, 0x00, 0x00, 0x00,
    // github @ 10948, 688 bytes
    0x01, 0x00, 0x00, 0x00, 0x00, 0x00, 0x00, 0x00, 0x00, 0x00, 0x00, 0x00, 0xc0, 0x41, 0x00, 0x00,
    0xc0, 0x41, 0x02, 0x00, 0x00, 0x00, 0x00, 0x40, 0x0b, 0x00, 0x00, 0x00, 0x40, 0x41, 0x62, 0x10,
    0x98, 0x3e, 0x0d, 0x00, 0x0a, 0xd7, 0xab, 0x40, 0x62, 0x10, 0x98, 0x3e, 0x00, 0x00, 0x00, 0x00,
    0xa4, 0x70, 0xb5, 0x40, 0x00, 0x00, 0x00, 0x00, 0x83, 0xc0, 0x44, 0x41, 0x0d, 0x00, 0x00, 0x00,
    0x00, 0x00, 0xcd, 0xcc, 0x8c, 0x41, 0x31, 0x08, 0x5c, 0x40, 0xa8, 0xc6, 0xb0, 0x41, 0xae, 0x47,
    0x03, 0x41, 0xbc, 0x74, 0xbd, 0x41, 0x0d, 0x00, 0x48, 0xe1, 0x0c, 0x41, 0x29, 0x5c, 0xbe, 0x41,
    0x66, 0x66, 0x10, 0x41, 0x5a, 0x64, 0xbb, 0x41, 0x66, 0x66, 0x10, 0x41, 0x0a, 0xd7, 0xb8, 0x41,
    0x0d, 0x00, 0x66, 0x66, 0x10, 0x41, 0x5c, 0x8f, 0xb6, 0x41, 0x71, 0x3d, 0x10, 0x41, 0x1f, 0x85,
    0xb0, 0x41, 0xf6, 0x28, 0x10, 0x41, 0x1f, 0x85, 0xa8, 0x41, 0x0d, 0x00, 0x06, 0x81, 0xb5, 0x40,
    0xdf, 0x4f, 0xae, 0x41, 0xdb, 0xf9, 0x9e, 0x40, 0xd7, 0xa3, 0x9b, 0x41, 0xdb, 0xf9, 0x9e, 0x40,
    0xd7, 0xa3, 0x9b, 0x41, 0x0d, 0x00, 0x06, 0x81, 0x8d, 0x40, 0x5c, 0x8f, 0x90, 0x41, 0x12, 0x83,
    0x68, 0x40, 0x9a, 0x99, 0x8d, 0x41, 0x12, 0x83, 0x68, 0x40, 0x9a, 0x99, 0x8d, 0x41, 0x0d, 0x00,
    0xaa, 0xf1, 0x22, 0x40, 0xe3, 0xa5, 0x87, 0x41, 0x54, 0xe3, 0x6d, 0x40, 0x9c, 0xc4, 0x87, 0x41,
    0x54, 0xe3, 0x6d, 0x40, 0x9c, 0xc4, 0x87, 0x41, 0x0d, 0x00, 0x06, 0x81, 0x9d, 0x40, 0xa4, 0x70,
    0x88, 0x41, 0x8f, 0xc2, 0xb1, 0x40, 0xf0, 0xa7, 0x91, 0x41, 0x8f, 0xc2, 0xb1, 0x40, 0xf0, 0xa7,
    0x91, 0x41, 0x0d, 0x00, 0x00, 0x00, 0xd4, 0x40, 0x04, 0x56, 0xa0, 0x41, 0xf2, 0xd2, 0x05, 0x41,
    0x93, 0x18, 0x9c, 0x41, 0xcd, 0xcc, 0x10, 0x41, 0xd7, 0xa3, 0x99, 0x41, 0x0d, 0x00, 0x2b, 0x87,
    0x12, 0x41, 0x98, 0x6e, 0x93, 0x41, 0xd5, 0x78, 0x17, 0x41, 0x33, 0x33, 0x8f, 0x41, 0xc3, 0xf5,
    0x1c, 0x41, 0xcd, 0xcc, 0x8c, 0x41, 0x0d, 0x00, 0xd7, 0xa3, 0xe4, 0x40, 0x66, 0x66, 0x8a, 0x41,
    0x0c, 0x02, 0x8b, 0x40, 0xdd, 0x24, 0x82, 0x41, 0x0c, 0x02, 0x8b, 0x40, 0x52, 0xb8, 0x3a, 0x41,
    0x0d, 0x00, 0x0c, 0x02, 0x8b, 0x40, 0x8f, 0xc2, 0x25, 0x41, 0x54, 0xe3, 0x99, 0x40, 0xd7, 0xa3,
    0x14, 0x41, 0x2b, 0x87, 0xb2, 0x40, 0x33, 0x33, 0x07, 0x41, 0x0d, 0x00, 0x3f, 0x35, 0xae, 0x40,
    0x1d, 0x5a, 0x02, 0x41, 0x7d, 0x3f, 0xa1, 0x40, 0xfc, 0xa9, 0xdd, 0x40, 0x54, 0xe3, 0xb5, 0x40,
    0x9c, 0xc4, 0xa8, 0x40, 0x0d, 0x00, 0x54, 0xe3, 0xb5, 0x40, 0x9c, 0xc4, 0xa8, 0x40, 0x4a, 0x0c,
    0xd6, 0x40, 0xc9, 0x76, 0x9e, 0x40, 0x77, 0xbe, 0x0f, 0x41, 0xc5, 0x20, 0xd0, 0x40, 0x0d, 0x00,
    0xa0, 0x1a, 0x1f, 0x41, 0x81, 0x95, 0xc7, 0x40, 0x8b, 0x6c, 0x2f, 0x41, 0x29, 0x5c, 0xc3, 0x40,
    0x77, 0xbe, 0x3f, 0x41, 0x02, 0x2b, 0xc3, 0x40, 0x0d, 0x00, 0x62, 0x10, 0x50, 0x41, 0x29, 0x5c,
    0xc3, 0x40, 0x4e, 0x62, 0x60, 0x41, 0x81, 0x95, 0xc7, 0x40, 0x77, 0xbe, 0x6f, 0x41, 0xc5, 0x20,
    0xd0, 0x40, 0x0d, 0x00, 0xac, 0x1c, 0x8a, 0x41, 0xc9, 0x76, 0x9e, 0x40, 0xe9, 0x26, 0x92, 0x41,
    0x9c, 0xc4, 0xa8, 0x40, 0xe9, 0x26, 0x92, 0x41, 0x9c, 0xc4, 0xa8, 0x40, 0x0d, 0x00, 0xdf, 0x4f,
    0x97, 0x41, 0xfc, 0xa9, 0xdd, 0x40, 0x6f, 0x12, 0x94, 0x41, 0x1d, 0x5a, 0x02, 0x41, 0xac, 0x1c,
    0x93, 0x41, 0x33, 0x33, 0x07, 0x41, 0x0d, 0x00, 0x64, 0x3b, 0x99, 0x41, 0xd7, 0xa3, 0x14, 0x41,
    0xb6, 0xf3, 0x9c, 0x41, 0x8f, 0xc2, 0x25, 0x41, 0xb6, 0xf3, 0x9c, 0x41, 0x52, 0xb8, 0x3a, 0x41,
    0x0d, 0x00, 0xb6, 0xf3, 0x9c, 0x41, 0x71, 0x3d, 0x82, 0x41, 0x12, 0x83, 0x86, 0x41, 0x29, 0x5c,
    0x8a, 0x41, 0xd3, 0x4d, 0x62, 0x41, 0x52, 0xb8, 0x8c, 0x41, 0x0d, 0x00, 0x25, 0x06, 0x69, 0x41,
    0x9a, 0x99, 0x8f, 0x41, 0x96, 0x43, 0x6f, 0x41, 0xee, 0x7c, 0x95, 0x41, 0x96, 0x43, 0x6f, 0x41,
    0xe1, 0x7a, 0x9e, 0x41, 0x0d, 0x00, 0x96, 0x43, 0x6f, 0x41, 0xf8, 0x53, 0xab, 0x41, 0x25, 0x06,
    0x6f, 0x41, 0xe3, 0xa5, 0xb5, 0x41, 0x25, 0x06, 0x6f, 0x41, 0x9c, 0xc4, 0xb8, 0x41, 0x0d, 0x00,
    0x25, 0x06, 0x6f, 0x41, 0xba, 0x49, 0xbb, 0x41, 0x4e, 0x62, 0x72, 0x41, 0xba, 0x49, 0xbe, 0x41,
    0x58, 0x39, 0x7c, 0x41, 0xf8, 0x53, 0xbd, 0x41, 0x0d, 0x00, 0x1f, 0x85, 0xa4, 0x41, 0x6a, 0xbc,
    0xb0, 0x41, 0x00, 0x00, 0xc0, 0x41, 0x6a, 0xbc, 0x8c, 0x41, 0x00, 0x00, 0xc0, 0x41, 0x83, 0xc0,
    0x44, 0x41, 0x0d, 0x00, 0x00, 0x00, 0xc0, 0x41, 0xa4, 0x70, 0xb5, 0x40, 0x19, 0x04, 0x95, 0x41,
    0x62, 0x10, 0x98, 0x3e, 0x00, 0x00, 0x40, 0x41, 0x62, 0x10, 0x98, 0x3e, 0x0f, 0x00, 0x00, 0x00,
    // globe @ 11636, 266 bytes
    0x01, 0x00, 0x00, 0x00, 0x00, 0x00, 0x00, 0x00, 0x00, 0x00, 0x00, 0x00, 0xc0, 0x41, 0x00, 0x00,
    0xc0, 0x41, 0x02, 0x00, 0x00, 0x00, 0x00, 0x40, 0x0b, 0x00, 0x00, 0x00, 0x40, 0x41, 0x00, 0x00,
    0x00, 0x40, 0x0c, 0x00, 0x00, 0x00, 0x40, 0x41, 0x00, 0x00, 0x00, 0x40, 0x0d, 0x00, 0xcb, 0x2e,
    0x8c, 0x41, 0x00, 0x00, 0x00, 0x40, 0x00, 0x00, 0xb0, 0x41, 0xd5, 0x44, 0xcf, 0x40, 0x00, 0x00,
    0xb0, 0x41, 0x00, 0x00, 0x40, 0x41, 0x0c, 0x00, 0x00, 0x00, 0xb0, 0x41, 0x00, 0x00, 0x40, 0x41,
    0x0d, 0x00, 0x00, 0x00, 0xb0, 0x41, 0xcb, 0x2e, 0x8c, 0x41, 0xcb, 0x2e, 0x8c, 0x41, 0x00, 0x00,
    0xb0, 0x41, 0x00, 0x00, 0x40, 0x41, 0x00, 0x00, 0xb0, 0x41, 0x0c, 0x00, 0x00, 0x00, 0x40, 0x41,
    0x00, 0x00, 0xb0, 0x41, 0x0d, 0x00, 0xd5, 0x44, 0xcf, 0x40, 0x00, 0x00, 0xb0, 0x41, 0x00, 0x00,
    0x00, 0x40, 0xcb, 0x2e, 0x8c, 0x41, 0x00, 0x00, 0x00, 0x40, 0x00, 0x00, 0x40, 0x41, 0x0c, 0x00,
    0x00, 0x00, 0x00, 0x40, 0x00, 0x00, 0x40, 0x41, 0x0d, 0x00, 0x00, 0x00, 0x00, 0x40, 0xd5, 0x44,
    0xcf, 0x40, 0xd5, 0x44, 0xcf, 0x40, 0x00, 0x00, 0x00, 0x40, 0x00, 0x00, 0x40, 0x41, 0x00, 0x00,
    0x00, 0x40, 0x0e, 0x00, 0x0b, 0x00, 0x00, 0x00, 0x40, 0x41, 0x00, 0x00, 0x00, 0x40, 0x0d, 0x00,
    0xac, 0x55, 0xd6, 0x40, 0x0c, 0x26, 0xf2, 0x40, 0xac, 0x55, 0xd6, 0x40, 0x7d, 0x76, 0x83, 0x41,
    0x00, 0x00, 0x40, 0x41, 0x00, 0x00, 0xb0, 0x41, 0x0d, 0x00, 0x95, 0x6a, 0x8a, 0x41, 0x7d, 0x76,
    0x83, 0x41, 0x95, 0x6a, 0x8a, 0x41, 0x0c, 0x26, 0xf2, 0x40, 0x00, 0x00, 0x40, 0x41, 0x00, 0x00,
    0x00, 0x40, 0x0b, 0x00, 0x00, 0x00, 0x00, 0x40, 0x00, 0x00, 0x40, 0x41, 0x0c, 0x00, 0x00, 0x00,
    0xb0, 0x41, 0x00, 0x00, 0x40, 0x41, 0x10, 0x00, 0x00, 0x00,
    // hard-drive @ 11902, 306 bytes
    0x01, 0x00, 0x00, 0x00, 0x00, 0x00, 0x00, 0x00, 0x00, 0x00, 0x00, 0x00, 0xc0, 0x41, 0x00, 0x00,
    0xc0, 0x41, 0x02, 0x00, 0x00, 0x00, 0x00, 0x40, 0x0b, 0x00, 0x00, 0x00, 0x20, 0x41, 0x00, 0x00,
    0x80, 0x41, 0x0c, 0x00, 0xf6, 0x28, 0x20, 0x41, 0x00, 0x00, 0x80, 0x41, 0x0b, 0x00, 0x68, 0x91,
    0x0d, 0x40, 0x64, 0x3b, 0x39, 0x41, 0x0d, 0x00, 0xc3, 0xa5, 0x04, 0x40, 0x7f, 0xae, 0x3d, 0x41,
    0x57, 0x00, 0x00, 0x40, 0x3e, 0x97, 0x42, 0x41, 0x00, 0x00, 0x00, 0x40, 0x68, 0x91, 0x47, 0x41,
    0x0c, 0x00, 0x00, 0x00, 0x00, 0x40, 0x00, 0x00, 0x90, 0x41, 0x0d, 0x00, 0x00, 0x00, 0x00, 0x40,
    0x00, 0xc7, 0x98, 0x41, 0x02, 0xc8, 0x39, 0x40, 0x00, 0x00, 0xa0, 0x41, 0x00, 0x00, 0x80, 0x40,
    0x00, 0x00, 0xa0, 0x41, 0x0c, 0x00, 0x00, 0x00, 0xa0, 0x41, 0x00, 0x00, 0xa0, 0x41, 0x0d, 0x00,
    0x00, 0xc7, 0xa8, 0x41, 0x00, 0x00, 0xa0, 0x41, 0x00, 0x00, 0xb0, 0x41, 0x00, 0xc7, 0x98, 0x41,
    0x00, 0x00, 0xb0, 0x41, 0x00, 0x00, 0x90, 0x41, 0x0c, 0x00, 0x00, 0x00, 0xb0, 0x41, 0x68, 0x91,
    0x47, 0x41, 0x0d, 0x00, 0xf5, 0xff, 0xaf, 0x41, 0x3e, 0x97, 0x42, 0x41, 0x48, 0x6b, 0xaf, 0x41,
    0x7f, 0xae, 0x3d, 0x41, 0xd3, 0x4d, 0xae, 0x41, 0x64, 0x3b, 0x39, 0x41, 0x0c, 0x00, 0x66, 0x66,
    0x94, 0x41, 0x1f, 0x85, 0xa3, 0x40, 0x0d, 0x00, 0xd1, 0xb3, 0x91, 0x41, 0x1e, 0xce, 0x8d, 0x40,
    0x5b, 0x24, 0x8c, 0x41, 0x4b, 0x03, 0x80, 0x40, 0x7b, 0x14, 0x86, 0x41, 0x00, 0x00, 0x80, 0x40,
    0x0c, 0x00, 0x14, 0xae, 0xe7, 0x40, 0x00, 0x00, 0x80, 0x40, 0x0d, 0x00, 0x96, 0x6e, 0xcf, 0x40,
    0x4b, 0x03, 0x80, 0x40, 0xbc, 0x30, 0xb9, 0x40, 0x1e, 0xce, 0x8d, 0x40, 0x66, 0x66, 0xae, 0x40,
    0x1f, 0x85, 0xa3, 0x40, 0x0e, 0x00, 0x0b, 0x00, 0x68, 0x91, 0xaf, 0x41, 0x3f, 0x35, 0x40, 0x41,
    0x0c, 0x00, 0xbc, 0x74, 0x03, 0x40, 0x3f, 0x35, 0x40, 0x41, 0x0b, 0x00, 0x00, 0x00, 0xc0, 0x40,
    0x00, 0x00, 0x80, 0x41, 0x0c, 0x00, 0xec, 0x51, 0xc0, 0x40, 0x00, 0x00, 0x80, 0x41, 0x10, 0x00,
    0x00, 0x00,
    // heart @ 12208, 318 bytes
    0x01, 0x00, 0x00, 0x00, 0x00, 0x00, 0x00, 0x00, 0x00, 0x00, 0x00, 0x00, 0xc0, 0x41, 0x00, 0x00,
    0xc0, 0x41, 0x02, 0x00, 0x00, 0x00, 0x00, 0x40, 0x0b, 0x00, 0x00, 0x00, 0x00, 0x40, 0x00, 0x00,
    0x18, 0x41, 0x0d, 0x00, 0xaf, 0x00, 0x00, 0x40, 0x78, 0x43, 0xe7, 0x40, 0x84, 0x2f, 0x5a, 0x40,
    0x3f, 0xb1, 0xa5, 0x40, 0xf0, 0x02, 0xb1, 0x40, 0x28, 0xa9, 0x8b, 0x40, 0x0d, 0x00, 0x1f, 0xee,
    0xf4, 0x40, 0x23, 0x42, 0x63, 0x40, 0xec, 0x25, 0x21, 0x41, 0xeb, 0x43, 0x84, 0x40, 0xbc, 0x74,
    0x39, 0x41, 0x35, 0x5e, 0xba, 0x40, 0x0d, 0x00, 0x44, 0x26, 0x3b, 0x41, 0x4d, 0xfd, 0xbd, 0x40,
    0x51, 0x85, 0x3d, 0x41, 0x27, 0x0c, 0xc0, 0x40, 0x00, 0x00, 0x40, 0x41, 0x27, 0x0c, 0xc0, 0x40,
    0x0d, 0x00, 0xaf, 0x7a, 0x42, 0x41, 0x27, 0x0c, 0xc0, 0x40, 0xbc, 0xd9, 0x44, 0x41, 0x4d, 0xfd,
    0xbd, 0x40, 0x44, 0x8b, 0x46, 0x41, 0x35, 0x5e, 0xba, 0x40, 0x0d, 0x00, 0x7e, 0xc7, 0x5e, 0x41,
    0xc1, 0xe7, 0x83, 0x40, 0x7f, 0xc7, 0x82, 0x41, 0x8c, 0x0d, 0x62, 0x40, 0x8b, 0xcc, 0x93, 0x41,
    0x95, 0x1e, 0x8b, 0x40, 0x0d, 0x00, 0x98, 0xd1, 0xa4, 0x41, 0x64, 0x36, 0xa5, 0x40, 0x3a, 0x16,
    0xb0, 0x41, 0xc2, 0x17, 0xe7, 0x40, 0x00, 0x00, 0xb0, 0x41, 0x00, 0x00, 0x18, 0x41, 0x0d, 0x00,
    0x00, 0x00, 0xb0, 0x41, 0xd7, 0xa3, 0x3c, 0x41, 0x00, 0x00, 0xa4, 0x41, 0x00, 0x00, 0x58, 0x41,
    0x00, 0x00, 0x98, 0x41, 0x00, 0x00, 0x70, 0x41, 0x0c, 0x00, 0xc5, 0x20, 0x58, 0x41, 0x06, 0x81,
    0xa2, 0x41, 0x0d, 0x00, 0xa9, 0x19, 0x52, 0x41, 0x2d, 0xf7, 0xa5, 0x41, 0x3a, 0x60, 0x49, 0x41,
    0xd5, 0xf7, 0xa7, 0x41, 0x56, 0x32, 0x40, 0x41, 0x46, 0xff, 0xa7, 0x41, 0x0d, 0x00, 0x71, 0x04,
    0x37, 0x41, 0xb7, 0x06, 0xa8, 0x41, 0x33, 0x3e, 0x2e, 0x41, 0x3e, 0x14, 0xa6, 0x41, 0xc5, 0x20,
    0x28, 0x41, 0xf0, 0xa7, 0xa2, 0x41, 0x0c, 0x00, 0x00, 0x00, 0xa0, 0x40, 0x00, 0x00, 0x70, 0x41,
    0x0d, 0x00, 0x00, 0x00, 0x60, 0x40, 0x00, 0x00, 0x58, 0x41, 0x00, 0x00, 0x00, 0x40, 0xcd, 0xcc,
    0x3c, 0x41, 0x00, 0x00, 0x00, 0x40, 0x00, 0x00, 0x18, 0x41, 0x10, 0x00, 0x00, 0x00,
    // heart-off @ 12526, 348 bytes
    0x01, 0x00, 0x00, 0x00, 0x00, 0x00, 0x00, 0x00, 0x00, 0x00, 0x00, 0x00, 0xc0, 0x41, 0x00, 0x00,
    0xc0, 0x41, 0x02, 0x00, 0x00, 0x00, 0x00, 0x40, 0x0b, 0x00, 0x00, 0x00, 0x28, 0x41, 0x75, 0x93,
    0x9c, 0x40, 0x0d, 0x00, 0xa2, 0x71, 0x2e, 0x41, 0xb2, 0xf0, 0xa4, 0x40, 0xff, 0x4f, 0x34, 0x41,
    0xc4, 0xf4, 0xae, 0x40, 0xbc, 0x74, 0x39, 0x41, 0x35, 0x5e, 0xba, 0x40, 0x0d, 0x00, 0x44, 0x26,
    0x3b, 0x41, 0x4d, 0xfd, 0xbd, 0x40, 0x51, 0x85, 0x3d, 0x41, 0x27, 0x0c, 0xc0, 0x40, 0x00, 0x00,
    0x40, 0x41, 0x27, 0x0c, 0xc0, 0x40, 0x0d, 0x00, 0xaf, 0x7a, 0x42, 0x41, 0x27, 0x0c, 0xc0, 0x40,
    0xbc, 0xd9, 0x44, 0x41, 0x4d, 0xfd, 0xbd, 0x40, 0x44, 0x8b, 0x46, 0x41, 0x35, 0x5e, 0xba, 0x40,
    0x0d, 0x00, 0x7e, 0xc7, 0x5e, 0x41, 0xc1, 0xe7, 0x83, 0x40, 0x7f, 0xc7, 0x82, 0x41, 0x8c, 0x0d,
    0x62, 0x40, 0x8b, 0xcc, 0x93, 0x41, 0x95, 0x1e, 0x8b, 0x40, 0x0d, 0x00, 0x98, 0xd1, 0xa4, 0x41,
    0x64, 0x36, 0xa5, 0x40, 0x3a, 0x16, 0xb0, 0x41, 0xc2, 0x17, 0xe7, 0x40, 0x00, 0x00, 0xb0, 0x41,
    0x00, 0x00, 0x18, 0x41, 0x0d, 0x00, 0x00, 0x00, 0xb0, 0x41, 0xb6, 0xf3, 0x35, 0x41, 0xe7, 0xfb,
    0xa7, 0x41, 0x2d, 0xb2, 0x4d, 0x41, 0x06, 0x81, 0x9e, 0x41, 0xe1, 0x7a, 0x62, 0x41, 0x0b, 0x00,
    0x6a, 0xbc, 0x87, 0x41, 0x6a, 0xbc, 0x87, 0x41, 0x0c, 0x00, 0xc5, 0x20, 0x58, 0x41, 0x06, 0x81,
    0xa2, 0x41, 0x0d, 0x00, 0xa9, 0x19, 0x52, 0x41, 0x2d, 0xf7, 0xa5, 0x41, 0x3a, 0x60, 0x49, 0x41,
    0xd5, 0xf7, 0xa7, 0x41, 0x56, 0x32, 0x40, 0x41, 0x46, 0xff, 0xa7, 0x41, 0x0d, 0x00, 0x71, 0x04,
    0x37, 0x41, 0xb7, 0x06, 0xa8, 0x41, 0x33, 0x3e, 0x2e, 0x41, 0x3e, 0x14, 0xa6, 0x41, 0xc5, 0x20,
    0x28, 0x41, 0xf0, 0xa7, 0xa2, 0x41, 0x0c, 0x00, 0x00, 0x00, 0xa0, 0x40, 0x00, 0x00, 0x70, 0x41,
    0x0d, 0x00, 0x00, 0x00, 0x60, 0x40, 0x00, 0x00, 0x58, 0x41, 0x00, 0x00, 0x00, 0x40, 0xcd, 0xcc,
    0x3c, 0x41, 0x00, 0x00, 0x00, 0x40, 0x00, 0x00, 0x18, 0x41, 0x0d, 0x00, 0x60, 0x02, 0x00, 0x40,
    0x49, 0x3e, 0xf1, 0x40, 0x56, 0x26, 0x43, 0x40, 0x82, 0x0f, 0xb7, 0x40, 0x6d, 0xe7, 0x97, 0x40,
    0xe3, 0xa5, 0x97, 0x40, 0x0b, 0x00, 0x00, 0x00, 0x00, 0x40, 0x00, 0x00, 0x00, 0x40, 0x0c, 0x00,
    0x00, 0x00, 0xb0, 0x41, 0x00, 0x00, 0xb0, 0x41, 0x10, 0x00, 0x00, 0x00,
    // image @ 12874, 396 bytes
    0x01, 0x00, 0x00, 0x00, 0x00, 0x00, 0x00, 0x00, 0x00, 0x00, 0x00, 0x00, 0xc0, 0x41, 0x00, 0x00,
    0xc0, 0x41, 0x02, 0x00, 0x00, 0x00, 0x00, 0x40, 0x0b, 0x00, 0x00, 0x00, 0xa0, 0x40, 0x00, 0x00,
    0x40, 0x40, 0x0c, 0x00, 0x00, 0x00, 0x98, 0x41, 0x00, 0x00, 0x40, 0x40, 0x0d, 0x00, 0x29, 0xd6,
    0xa0, 0x41, 0x00, 0x00, 0x40, 0x40, 0x00, 0x00, 0xa8, 0x41, 0xbc, 0x4e, 0x79, 0x40, 0x00, 0x00,
    0xa8, 0x41, 0x00, 0x00, 0xa0, 0x40, 0x0c, 0x00, 0x00, 0x00, 0xa8, 0x41, 0x00, 0x00, 0x98, 0x41,
    0x0d, 0x00, 0x00, 0x00, 0xa8, 0x41, 0x29, 0xd6, 0xa0, 0x41, 0x29, 0xd6, 0xa0, 0x41, 0x00, 0x00,
    0xa8, 0x41, 0x00, 0x00, 0x98, 0x41, 0x00, 0x00, 0xa8, 0x41, 0x0c, 0x00, 0x00, 0x00, 0xa0, 0x40,
    0x00, 0x00, 0xa8, 0x41, 0x0d, 0x00, 0xbc, 0x4e, 0x79, 0x40, 0x00, 0x00, 0xa8, 0x41, 0x00, 0x00,
    0x40, 0x40, 0x29, 0xd6, 0xa0, 0x41, 0x00, 0x00, 0x40, 0x40, 0x00, 0x00, 0x98, 0x41, 0x0c, 0x00,
    0x00, 0x00, 0x40, 0x40, 0x00, 0x00, 0xa0, 0x40, 0x0d, 0x00, 0x00, 0x00, 0x40, 0x40, 0xbc, 0x4e,
    0x79, 0x40, 0xbc, 0x4e, 0x79, 0x40, 0x00, 0x00, 0x40, 0x40, 0x00, 0x00, 0xa0, 0x40, 0x00, 0x00,
    0x40, 0x40, 0x0e, 0x00, 0x0b, 0x00, 0x00, 0x00, 0x10, 0x41, 0x00, 0x00, 0xe0, 0x40, 0x0c, 0x00,
    0x00, 0x00, 0x10, 0x41, 0x00, 0x00, 0xe0, 0x40, 0x0d, 0x00, 0x51, 0xac, 0x21, 0x41, 0x00, 0x00,
    0xe0, 0x40, 0x00, 0x00, 0x30, 0x41, 0x5e, 0xa7, 0xfc, 0x40, 0x00, 0x00, 0x30, 0x41, 0x00, 0x00,
    0x10, 0x41, 0x0c, 0x00, 0x00, 0x00, 0x30, 0x41, 0x00, 0x00, 0x10, 0x41, 0x0d, 0x00, 0x00, 0x00,
    0x30, 0x41, 0x51, 0xac, 0x21, 0x41, 0x51, 0xac, 0x21, 0x41, 0x00, 0x00, 0x30, 0x41, 0x00, 0x00,
    0x10, 0x41, 0x00, 0x00, 0x30, 0x41, 0x0c, 0x00, 0x00, 0x00, 0x10, 0x41, 0x00, 0x00, 0x30, 0x41,
    0x0d, 0x00, 0x5e, 0xa7, 0xfc, 0x40, 0x00, 0x00, 0x30, 0x41, 0x00, 0x00, 0xe0, 0x40, 0x51, 0xac,
    0x21, 0x41, 0x00, 0x00, 0xe0, 0x40, 0x00, 0x00, 0x10, 0x41, 0x0c, 0x00, 0x00, 0x00, 0xe0, 0x40,
    0x00, 0x00, 0x10, 0x41, 0x0d, 0x00, 0x00, 0x00, 0xe0, 0x40, 0x5e, 0xa7, 0xfc, 0x40, 0x5e, 0xa7,
    0xfc, 0x40, 0x00, 0x00, 0xe0, 0x40, 0x00, 0x00, 0x10, 0x41, 0x00, 0x00, 0xe0, 0x40, 0x0e, 0x00,
    0x0b, 0x00, 0x00, 0x00, 0xa8, 0x41, 0x00, 0x00, 0x70, 0x41, 0x0c, 0x00, 0xdf, 0x4f, 0x8f, 0x41,
    0xbe, 0x9f, 0x3e, 0x41, 0x0d, 0x00, 0x18, 0x1b, 0x89, 0x41, 0x26, 0x37, 0x32, 0x41, 0xd0, 0xc9,
    0x7d, 0x41, 0x26, 0x37, 0x32, 0x41, 0x42, 0x60, 0x71, 0x41, 0xbe, 0x9f, 0x3e, 0x41, 0x0c, 0x00,
    0x00, 0x00, 0xc0, 0x40, 0x00, 0x00, 0xa8, 0x41, 0x10, 0x00, 0x00, 0x00,
    // inbox @ 13270, 264 bytes
    0x01, 0x00, 0x00, 0x00, 0x00, 0x00, 0x00, 0x00, 0x00, 0x00, 0x00, 0x00, 0xc0, 0x41, 0x00, 0x00,
    0xc0, 0x41, 0x02, 0x00, 0x00, 0x00, 0x00, 0x40, 0x0b, 0x00, 0x00, 0x00, 0xb0, 0x41, 0x00, 0x00,
    0x40, 0x41, 0x0c, 0x00, 0x00, 0x00, 0x80, 0x41, 0x00, 0x00, 0x40, 0x41, 0x0c, 0x00, 0x00, 0x00,
    0x60, 0x41, 0x00, 0x00, 0x70, 0x41, 0x0c, 0x00, 0x00, 0x00, 0x20, 0x41, 0x00, 0x00, 0x70, 0x41,
    0x0c, 0x00, 0x00, 0x00, 0x00, 0x41, 0x00, 0x00, 0x40, 0x41, 0x0c, 0x00, 0x00, 0x00, 0x00, 0x40,
    0x00, 0x00, 0x40, 0x41, 0x0b, 0x00, 0x66, 0x66, 0xae, 0x40, 0x1f, 0x85, 0xa3, 0x40, 0x0c, 0x00,
    0x00, 0x00, 0x00, 0x40, 0x00, 0x00, 0x40, 0x41, 0x0c, 0x00, 0x00, 0x00, 0x00, 0x40, 0x00, 0x00,
    0x90, 0x41, 0x0d, 0x00, 0x00, 0x00, 0x00, 0x40, 0x00, 0xc7, 0x98, 0x41, 0x02, 0xc8, 0x39, 0x40,
    0x00, 0x00, 0xa0, 0x41, 0x00, 0x00, 0x80, 0x40, 0x00, 0x00, 0xa0, 0x41, 0x0c, 0x00, 0x00, 0x00,
    0xa0, 0x41, 0x00, 0x00, 0xa0, 0x41, 0x0d, 0x00, 0x00, 0xc7, 0xa8, 0x41, 0x00, 0x00, 0xa0, 0x41,
    0x00, 0x00, 0xb0, 0x41, 0x00, 0xc7, 0x98, 0x41, 0x00, 0x00, 0xb0, 0x41, 0x00, 0x00, 0x90, 0x41,
    0x0c, 0x00, 0x00, 0x00, 0xb0, 0x41, 0x00, 0x00, 0x40, 0x41, 0x0c, 0x00, 0x66, 0x66, 0x94, 0x41,
    0x1f, 0x85, 0xa3, 0x40, 0x0d, 0x00, 0xd1, 0xb3, 0x91, 0x41, 0x1e, 0xce, 0x8d, 0x40, 0x5b, 0x24,
    0x8c, 0x41, 0x4b, 0x03, 0x80, 0x40, 0x7b, 0x14, 0x86, 0x41, 0x00, 0x00, 0x80, 0x40, 0x0c, 0x00,
    0x14, 0xae, 0xe7, 0x40, 0x00, 0x00, 0x80, 0x40, 0x0d, 0x00, 0x96, 0x6e, 0xcf, 0x40, 0x4b, 0x03,
    0x80, 0x40, 0xbc, 0x30, 0xb9, 0x40, 0x1e, 0xce, 0x8d, 0x40, 0x66, 0x66, 0xae, 0x40, 0x1f, 0x85,
    0xa3, 0x40, 0x0e, 0x00, 0x10, 0x00, 0x00, 0x00,
    // info @ 13534, 224 bytes
    0x01, 0x00, 0x00, 0x00, 0x00, 0x00, 0x00, 0x00, 0x00, 0x00, 0x00, 0x00, 0xc0, 0x41, 0x00, 0x00,
    0xc0, 0x41, 0x02, 0x00, 0x00, 0x00, 0x00, 0x40, 0x0b, 0x00, 0x00, 0x00, 0x40, 0x41, 0x00, 0x00,
    0x00, 0x40, 0x0c, 0x00, 0x00, 0x00, 0x40, 0x41, 0x00, 0x00, 0x00, 0x40, 0x0d, 0x00, 0xcb, 0x2e,
    0x8c, 0x41, 0x00, 0x00, 0x00, 0x40, 0x00, 0x00, 0xb0, 0x41, 0xd5, 0x44, 0xcf, 0x40, 0x00, 0x00,
    0xb0, 0x41, 0x00, 0x00, 0x40, 0x41, 0x0c, 0x00, 0x00, 0x00, 0xb0, 0x41, 0x00, 0x00, 0x40, 0x41,
    0x0d, 0x00, 0x00, 0x00, 0xb0, 0x41, 0xcb, 0x2e, 0x8c, 0x41, 0xcb, 0x2e, 0x8c, 0x41, 0x00, 0x00,
    0xb0, 0x41, 0x00, 0x00, 0x40, 0x41, 0x00, 0x00, 0xb0, 0x41, 0x0c, 0x00, 0x00, 0x00, 0x40, 0x41,
    0x00, 0x00, 0xb0, 0x41, 0x0d, 0x00, 0xd5, 0x44, 0xcf, 0x40, 0x00, 0x00, 0xb0, 0x41, 0x00, 0x00,
    0x00, 0x40, 0xcb, 0x2e, 0x8c, 0x41, 0x00, 0x00, 0x00, 0x40, 0x00, 0x00, 0x40, 0x41, 0x0c, 0x00,
    0x00, 0x00, 0x00, 0x40, 0x00, 0x00, 0x40, 0x41, 0x0d, 0x00, 0x00, 0x00, 0x00, 0x40, 0xd5, 0x44,
    0xcf, 0x40, 0xd5, 0x44, 0xcf, 0x40, 0x00, 0x00, 0x00, 0x40, 0x00, 0x00, 0x40, 0x41, 0x00, 0x00,
    0x00, 0x40, 0x0e, 0x00, 0x0b, 0x00, 0x00, 0x00, 0x40, 0x41, 0x00, 0x00, 0x80, 0x41, 0x0c, 0x00,
    0x00, 0x00, 0x40, 0x41, 0x00, 0x00, 0x40, 0x41, 0x0b, 0x00, 0x00, 0x00, 0x40, 0x41, 0x00, 0x00,
    0x00, 0x41, 0x0c, 0x00, 0xf6, 0x28, 0x40, 0x41, 0x00, 0x00, 0x00, 0x41, 0x10, 0x00, 0x00, 0x00,
    // inspector @ 13758, 480 bytes
    0x01, 0x00, 0x00, 0x00, 0x00, 0x00, 0x00, 0x00, 0x00, 0x00, 0x00, 0x00, 0xc0, 0x41, 0x00, 0x00,
    0xc0, 0x41, 0x02, 0x00, 0x00, 0x00, 0x00, 0x40, 0x0b, 0x00, 0x44, 0x8b, 0x40, 0x41, 0x60, 0xe5,
    0x4a, 0x41, 0x0d, 0x00, 0x0a, 0x5e, 0x3f, 0x41, 0xad, 0xf1, 0x47, 0x41, 0x7b, 0x10, 0x40, 0x41,
    0xf9, 0x8e, 0x44, 0x41, 0xba, 0x4f, 0x42, 0x41, 0xba, 0x4f, 0x42, 0x41, 0x0d, 0x00, 0xf9, 0x8e,
    0x44, 0x41, 0x7b, 0x10, 0x40, 0x41, 0xad, 0xf1, 0x47, 0x41, 0x0a, 0x5e, 0x3f, 0x41, 0x60, 0xe5,
    0x4a, 0x41, 0x44, 0x8b, 0x40, 0x41, 0x0c, 0x00, 0xb0, 0x72, 0xad, 0x41, 0x44, 0x8b, 0x78, 0x41,
    0x0d, 0x00, 0xb4, 0x06, 0xaf, 0x41, 0x00, 0xc7, 0x79, 0x41, 0x8c, 0x0c, 0xb0, 0x41, 0x70, 0xe3,
    0x7c, 0x41, 0x60, 0xfd, 0xaf, 0x41, 0x38, 0x23, 0x80, 0x41, 0x0d, 0x00, 0x35, 0xee, 0xaf, 0x41,
    0xb7, 0xd4, 0x81, 0x41, 0x2b, 0xcd, 0xae, 0x41, 0xa8, 0x4f, 0x83, 0x41, 0x1b, 0x2f, 0xad, 0x41,
    0xe5, 0xd0, 0x83, 0x41, 0x0c, 0x00, 0xcb, 0xa1, 0x91, 0x41, 0x29, 0x5c, 0x8c, 0x41, 0x0d, 0x00,
    0x49, 0x1c, 0x8f, 0x41, 0xbc, 0x23, 0x8d, 0x41, 0xb0, 0x21, 0x8d, 0x41, 0x56, 0x1e, 0x8f, 0x41,
    0x1d, 0x5a, 0x8c, 0x41, 0xd7, 0xa3, 0x91, 0x41, 0x0c, 0x00, 0xe5, 0xd0, 0x83, 0x41, 0x1b, 0x2f,
    0xad, 0x41, 0x0d, 0x00, 0xa8, 0x4f, 0x83, 0x41, 0x2b, 0xcd, 0xae, 0x41, 0xb7, 0xd4, 0x81, 0x41,
    0x35, 0xee, 0xaf, 0x41, 0x38, 0x23, 0x80, 0x41, 0x60, 0xfd, 0xaf, 0x41, 0x0d, 0x00, 0x70, 0xe3,
    0x7c, 0x41, 0x8c, 0x0c, 0xb0, 0x41, 0x00, 0xc7, 0x79, 0x41, 0xb4, 0x06, 0xaf, 0x41, 0x44, 0x8b,
    0x78, 0x41, 0xb0, 0x72, 0xad, 0x41, 0x0e, 0x00, 0x0b, 0x00, 0x00, 0x00, 0xa0, 0x40, 0x00, 0x00,
    0x40, 0x40, 0x0d, 0x00, 0x02, 0xc8, 0x79, 0x40, 0x00, 0x00, 0x40, 0x40, 0x00, 0x00, 0x40, 0x40,
    0x02, 0xc8, 0x79, 0x40, 0x00, 0x00, 0x40, 0x40, 0x00, 0x00, 0xa0, 0x40, 0x0b, 0x00, 0x00, 0x00,
    0x98, 0x41, 0x00, 0x00, 0x40, 0x40, 0x0d, 0x00, 0x00, 0xc7, 0xa0, 0x41, 0x00, 0x00, 0x40, 0x40,
    0x00, 0x00, 0xa8, 0x41, 0x02, 0xc8, 0x79, 0x40, 0x00, 0x00, 0xa8, 0x41, 0x00, 0x00, 0xa0, 0x40,
    0x0b, 0x00, 0x00, 0x00, 0xa0, 0x40, 0x00, 0x00, 0xa8, 0x41, 0x0d, 0x00, 0x02, 0xc8, 0x79, 0x40,
    0x00, 0x00, 0xa8, 0x41, 0x00, 0x00, 0x40, 0x40, 0x00, 0xc7, 0xa0, 0x41, 0x00, 0x00, 0x40, 0x40,
    0x00, 0x00, 0x98, 0x41, 0x0b, 0x00, 0x00, 0x00, 0x10, 0x41, 0x00, 0x00, 0x40, 0x40, 0x0c, 0x00,
    0x00, 0x00, 0x20, 0x41, 0x00, 0x00, 0x40, 0x40, 0x0b, 0x00, 0x00, 0x00, 0x10, 0x41, 0x00, 0x00,
    0xa8, 0x41, 0x0c, 0x00, 0x00, 0x00, 0x30, 0x41, 0x00, 0x00, 0xa8, 0x41, 0x0b, 0x00, 0x00, 0x00,
    0x60, 0x41, 0x00, 0x00, 0x40, 0x40, 0x0c, 0x00, 0x00, 0x00, 0x70, 0x41, 0x00, 0x00, 0x40, 0x40,
    0x0b, 0x00, 0x00, 0x00, 0x40, 0x40, 0x00, 0x00, 0x10, 0x41, 0x0c, 0x00, 0x00, 0x00, 0x40, 0x40,
    0x00, 0x00, 0x20, 0x41, 0x0b, 0x00, 0x00, 0x00, 0xa8, 0x41, 0x00, 0x00, 0x10, 0x41, 0x0c, 0x00,
    0x00, 0x00, 0xa8, 0x41, 0x00, 0x00, 0x30, 0x41, 0x0b, 0x00, 0x00, 0x00, 0x40, 0x40, 0x00, 0x00,
    0x60, 0x41, 0x0c, 0x00, 0x00, 0x00, 0x40, 0x40, 0x00, 0x00, 0x70, 0x41, 0x10, 0x00, 0x00, 0x00,
    // layout-dashboard @ 14238, 652 bytes
    0x01, 0x00, 0x00, 0x00, 0x00, 0x00, 0x00, 0x00, 0x00, 0x00, 0x00, 0x00, 0xc0, 0x41, 0x00, 0x00,
    0xc0, 0x41, 0x02, 0x00, 0x00, 0x00, 0x00, 0x40, 0x0b, 0x00, 0x00, 0x00, 0x80, 0x40, 0x00, 0x00,
    0x40, 0x40, 0x0c, 0x00, 0x00, 0x00, 0x10, 0x41, 0x00, 0x00, 0x40, 0x40, 0x0d, 0x00, 0x29, 0xd6,
    0x18, 0x41, 0x00, 0x00, 0x40, 0x40, 0x00, 0x00, 0x20, 0x41, 0x5e, 0xa7, 0x5c, 0x40, 0x00, 0x00,
    0x20, 0x41, 0x00, 0x00, 0x80, 0x40, 0x0c, 0x00, 0x00, 0x00, 0x20, 0x41, 0x00, 0x00, 0x30, 0x41,
    0x0d, 0x00, 0x00, 0x00, 0x20, 0x41, 0x29, 0xd6, 0x38, 0x41, 0x29, 0xd6, 0x18, 0x41, 0x00, 0x00,
    0x40, 0x41, 0x00, 0x00, 0x10, 0x41, 0x00, 0x00, 0x40, 0x41, 0x0c, 0x00, 0x00, 0x00, 0x80, 0x40,
    0x00, 0x00, 0x40, 0x41, 0x0d, 0x00, 0x5e, 0xa7, 0x5c, 0x40, 0x00, 0x00, 0x40, 0x41, 0x00, 0x00,
    0x40, 0x40, 0x29, 0xd6, 0x38, 0x41, 0x00, 0x00, 0x40, 0x40, 0x00, 0x00, 0x30, 0x41, 0x0c, 0x00,
    0x00, 0x00, 0x40, 0x40, 0x00, 0x00, 0x80, 0x40, 0x0d, 0x00, 0x00, 0x00, 0x40, 0x40, 0x5e, 0xa7,
    0x5c, 0x40, 0x5e, 0xa7, 0x5c, 0x40, 0x00, 0x00, 0x40, 0x40, 0x00, 0x00, 0x80, 0x40, 0x00, 0x00,
    0x40, 0x40, 0x0e, 0x00, 0x0b, 0x00, 0x00, 0x00, 0x70, 0x41, 0x00, 0x00, 0x40, 0x40, 0x0c, 0x00,
    0x00, 0x00, 0xa0, 0x41, 0x00, 0x00, 0x40, 0x40, 0x0d, 0x00, 0x14, 0x6b, 0xa4, 0x41, 0x00, 0x00,
    0x40, 0x40, 0x00, 0x00, 0xa8, 0x41, 0x5e, 0xa7, 0x5c, 0x40, 0x00, 0x00, 0xa8, 0x41, 0x00, 0x00,
    0x80, 0x40, 0x0c, 0x00, 0x00, 0x00, 0xa8, 0x41, 0x00, 0x00, 0xe0, 0x40, 0x0d, 0x00, 0x00, 0x00,
    0xa8, 0x41, 0x51, 0xac, 0xf1, 0x40, 0x14, 0x6b, 0xa4, 0x41, 0x00, 0x00, 0x00, 0x41, 0x00, 0x00,
    0xa0, 0x41, 0x00, 0x00, 0x00, 0x41, 0x0c, 0x00, 0x00, 0x00, 0x70, 0x41, 0x00, 0x00, 0x00, 0x41,
    0x0d, 0x00, 0xd7, 0x29, 0x67, 0x41, 0x00, 0x00, 0x00, 0x41, 0x00, 0x00, 0x60, 0x41, 0x51, 0xac,
    0xf1, 0x40, 0x00, 0x00, 0x60, 0x41, 0x00, 0x00, 0xe0, 0x40, 0x0c, 0x00, 0x00, 0x00, 0x60, 0x41,
    0x00, 0x00, 0x80, 0x40, 0x0d, 0x00, 0x00, 0x00, 0x60, 0x41, 0x5e, 0xa7, 0x5c, 0x40, 0xd7, 0x29,
    0x67, 0x41, 0x00, 0x00, 0x40, 0x40, 0x00, 0x00, 0x70, 0x41, 0x00, 0x00, 0x40, 0x40, 0x0e, 0x00,
    0x0b, 0x00, 0x00, 0x00, 0x70, 0x41, 0x00, 0x00, 0x40, 0x41, 0x0c, 0x00, 0x00, 0x00, 0xa0, 0x41,
    0x00, 0x00, 0x40, 0x41, 0x0d, 0x00, 0x14, 0x6b, 0xa4, 0x41, 0x00, 0x00, 0x40, 0x41, 0x00, 0x00,
    0xa8, 0x41, 0xd7, 0x29, 0x47, 0x41, 0x00, 0x00, 0xa8, 0x41, 0x00, 0x00, 0x50, 0x41, 0x0c, 0x00,
    0x00, 0x00, 0xa8, 0x41, 0x00, 0x00, 0xa0, 0x41, 0x0d, 0x00, 0x00, 0x00, 0xa8, 0x41, 0x14, 0x6b,
    0xa4, 0x41, 0x14, 0x6b, 0xa4, 0x41, 0x00, 0x00, 0xa8, 0x41, 0x00, 0x00, 0xa0, 0x41, 0x00, 0x00,
    0xa8, 0x41, 0x0c, 0x00, 0x00, 0x00, 0x70, 0x41, 0x00, 0x00, 0xa8, 0x41, 0x0d, 0x00, 0xd7, 0x29,
    0x67, 0x41, 0x00, 0x00, 0xa8, 0x41, 0x00, 0x00, 0x60, 0x41, 0x14, 0x6b, 0xa4, 0x41, 0x00, 0x00,
    0x60, 0x41, 0x00, 0x00, 0xa0, 0x41, 0x0c, 0x00, 0x00, 0x00, 0x60, 0x41, 0x00, 0x00, 0x50, 0x41,
    0x0d, 0x00, 0x00, 0x00, 0x60, 0x41, 0xd7, 0x29, 0x47, 0x41, 0xd7, 0x29, 0x67, 0x41, 0x00, 0x00,
    0x40, 0x41, 0x00, 0x00, 0x70, 0x41, 0x00, 0x00, 0x40, 0x41, 0x0e, 0x00, 0x0b, 0x00, 0x00, 0x00,
    0x80, 0x40, 0x00, 0x00, 0x80, 0x41, 0x0c, 0x00, 0x00, 0x00, 0x10, 0x41, 0x00, 0x00, 0x80, 0x41,
    0x0d, 0x00, 0x29, 0xd6, 0x18, 0x41, 0x00, 0x00, 0x80, 0x41, 0x00, 0x00, 0x20, 0x41, 0xec, 0x94,
    0x83, 0x41, 0x00, 0x00, 0x20, 0x41, 0x00, 0x00, 0x88, 0x41, 0x0c, 0x00, 0x00, 0x00, 0x20, 0x41,
    0x00, 0x00, 0xa0, 0x41, 0x0d, 0x00, 0x00, 0x00, 0x20, 0x41, 0x14, 0x6b, 0xa4, 0x41, 0x29, 0xd6,
    0x18, 0x41, 0x00, 0x00, 0xa8, 0x41, 0x00, 0x00, 0x10, 0x41, 0x00, 0x00, 0xa8, 0x41, 0x0c, 0x00,
    0x00, 0x00, 0x80, 0x40, 0x00, 0x00, 0xa8, 0x41, 0x0d, 0x00, 0x5e, 0xa7, 0x5c, 0x40, 0x00, 0x00,
    0xa8, 0x41, 0x00, 0x00, 0x40, 0x40, 0x14, 0x6b, 0xa4, 0x41, 0x00, 0x00, 0x40, 0x40, 0x00, 0x00,
    0xa0, 0x41, 0x0c, 0x00, 0x00, 0x00, 0x40, 0x40, 0x00, 0x00, 0x88, 0x41, 0x0d, 0x00, 0x00, 0x00,
    0x40, 0x40, 0xec, 0x94, 0x83, 0x41, 0x5e, 0xa7, 0x5c, 0x40, 0x00, 0x00, 0x80, 0x41, 0x00, 0x00,
    0x80, 0x40, 0x00, 0x00, 0x80, 0x41, 0x0e, 0x00, 0x10, 0x00, 0x00, 0x00,
    // loader @ 14890, 188 bytes
    0x01, 0x00, 0x00, 0x00, 0x00, 0x00, 0x00, 0x00, 0x00, 0x00, 0x00, 0x00, 0xc0, 0x41, 0x00, 0x00,
    0xc0, 0x41, 0x02, 0x00, 0x00, 0x00, 0x00, 0x40, 0x0b, 0x00, 0x00, 0x00, 0x40, 0x41, 0x00, 0x00,
    0x00, 0x40, 0x0c, 0x00, 0x00, 0x00, 0x40, 0x41, 0x00, 0x00, 0xc0, 0x40, 0x0b, 0x00, 0x9a, 0x99,
    0x81, 0x41, 0x9a, 0x99, 0xf9, 0x40, 0x0c, 0x00, 0xcd, 0xcc, 0x98, 0x41, 0xcd, 0xcc, 0x9c, 0x40,
    0x0b, 0x00, 0x00, 0x00, 0x90, 0x41, 0x00, 0x00, 0x40, 0x41, 0x0c, 0x00, 0x00, 0x00, 0xb0, 0x41,
    0x00, 0x00, 0x40, 0x41, 0x0b, 0x00, 0x9a, 0x99, 0x81, 0x41, 0x9a, 0x99, 0x81, 0x41, 0x0c, 0x00,
    0xcd, 0xcc, 0x98, 0x41, 0xcd, 0xcc, 0x98, 0x41, 0x0b, 0x00, 0x00, 0x00, 0x40, 0x41, 0x00, 0x00,
    0x90, 0x41, 0x0c, 0x00, 0x00, 0x00, 0x40, 0x41, 0x00, 0x00, 0xb0, 0x41, 0x0b, 0x00, 0xcd, 0xcc,
    0x9c, 0x40, 0xcd, 0xcc, 0x98, 0x41, 0x0c, 0x00, 0x9a, 0x99, 0xf9, 0x40, 0x9a, 0x99, 0x81, 0x41,
    0x0b, 0x00, 0x00, 0x00, 0x00, 0x40, 0x00, 0x00, 0x40, 0x41, 0x0c, 0x00, 0x00, 0x00, 0xc0, 0x40,
    0x00, 0x00, 0x40, 0x41, 0x0b, 0x00, 0xcd, 0xcc, 0x9c, 0x40, 0xcd, 0xcc, 0x9c, 0x40, 0x0c, 0x00,
    0x9a, 0x99, 0xf9, 0x40, 0x9a, 0x99, 0xf9, 0x40, 0x10, 0x00, 0x00, 0x00,
    // loader-circle @ 15078, 142 bytes
    0x01, 0x00, 0x00, 0x00, 0x00, 0x00, 0x00, 0x00, 0x00, 0x00, 0x00, 0x00, 0xc0, 0x41, 0x00, 0x00,
    0xc0, 0x41, 0x02, 0x00, 0x00, 0x00, 0x00, 0x40, 0x0b, 0x00, 0x00, 0x00, 0xa8, 0x41, 0x00, 0x00,
    0x40, 0x41, 0x0d, 0x00, 0x9c, 0xff, 0xa7, 0x41, 0x26, 0x38, 0x7e, 0x41, 0x99, 0xd5, 0x93, 0x41,
    0x5d, 0xdc, 0x9a, 0x41, 0x78, 0x7e, 0x6c, 0x41, 0x27, 0x79, 0xa4, 0x41, 0x0d, 0x00, 0xbd, 0x51,
    0x31, 0x41, 0xf1, 0x15, 0xae, 0x41, 0x61, 0x24, 0xe0, 0x40, 0x11, 0x7c, 0xa3, 0x41, 0x1e, 0x00,
    0x97, 0x40, 0xec, 0x50, 0x8a, 0x41, 0x0d, 0x00, 0xb7, 0xb7, 0x1b, 0x40, 0x8d, 0x4b, 0x62, 0x41,
    0x39, 0xb8, 0x1b, 0x40, 0x44, 0xb0, 0x1d, 0x41, 0xbf, 0x00, 0x97, 0x40, 0x38, 0xb4, 0xd6, 0x40,
    0x0d, 0x00, 0x61, 0x25, 0xe0, 0x40, 0xd1, 0x0f, 0x64, 0x40, 0x51, 0x52, 0x31, 0x41, 0xc4, 0x41,
    0x0f, 0x40, 0xfa, 0x7e, 0x6c, 0x41, 0xf6, 0x28, 0x5c, 0x40, 0x10, 0x00, 0x00, 0x00,
    // map @ 15220, 410 bytes
    0x01, 0x00, 0x00, 0x00, 0x00, 0x00, 0x00, 0x00, 0x00, 0x00, 0x00, 0x00, 0xc0, 0x41, 0x00, 0x00,
    0xc0, 0x41, 0x02, 0x00, 0x00, 0x00, 0x00, 0x40, 0x0b, 0x00, 0x2d, 0xb2, 0x61, 0x41, 0x2d, 0xb2,
    0xb1, 0x40, 0x0d, 0x00, 0xc2, 0xb1, 0x6a, 0x41, 0x62, 0xb0, 0xba, 0x40, 0x3e, 0x4e, 0x75, 0x41,
    0x62, 0xb0, 0xba, 0x40, 0xd3, 0x4d, 0x7e, 0x41, 0x2d, 0xb2, 0xb1, 0x40, 0x0c, 0x00, 0x8b, 0x6c,
    0x9c, 0x41, 0xa2, 0x45, 0x6e, 0x40, 0x0d, 0x00, 0x2d, 0xe7, 0x9e, 0x41, 0x9e, 0x5c, 0x64, 0x40,
    0x01, 0xdb, 0xa1, 0x41, 0xfb, 0x6f, 0x65, 0x40, 0x2f, 0x36, 0xa4, 0x41, 0xf3, 0x1b, 0x71, 0x40,
    0x0d, 0x00, 0x5d, 0x91, 0xa6, 0x41, 0xeb, 0xc7, 0x7c, 0x40, 0x0a, 0x01, 0xa8, 0x41, 0x09, 0xb9,
    0x88, 0x40, 0x00, 0x00, 0xa8, 0x41, 0xd9, 0xce, 0x93, 0x40, 0x0c, 0x00, 0x00, 0x00, 0xa8, 0x41,
    0x62, 0x10, 0x8b, 0x41, 0x0d, 0x00, 0x96, 0xff, 0xa7, 0x41, 0xaf, 0x16, 0x8e, 0x41, 0x18, 0x48,
    0xa6, 0x41, 0x2f, 0xdd, 0x90, 0x41, 0x75, 0x93, 0xa3, 0x41, 0x4c, 0x37, 0x92, 0x41, 0x0c, 0x00,
    0xd3, 0x4d, 0x7e, 0x41, 0x98, 0x6e, 0xa4, 0x41, 0x0d, 0x00, 0x3e, 0x4e, 0x75, 0x41, 0x25, 0xae,
    0xa6, 0x41, 0xc2, 0xb1, 0x6a, 0x41, 0x25, 0xae, 0xa6, 0x41, 0x2d, 0xb2, 0x61, 0x41, 0x98, 0x6e,
    0xa4, 0x41, 0x0c, 0x00, 0xd3, 0x4d, 0x1e, 0x41, 0x81, 0x95, 0x93, 0x41, 0x0d, 0x00, 0x3e, 0x4e,
    0x15, 0x41, 0xf4, 0x55, 0x91, 0x41, 0xc2, 0xb1, 0x0a, 0x41, 0xf4, 0x55, 0x91, 0x41, 0x2d, 0xb2,
    0x01, 0x41, 0x81, 0x95, 0x93, 0x41, 0x0c, 0x00, 0xd3, 0x4d, 0x8e, 0x40, 0x58, 0x39, 0xa2, 0x41,
    0x0d, 0x00, 0x01, 0x62, 0x84, 0x40, 0xa2, 0x76, 0xa3, 0x41, 0xf6, 0x21, 0x71, 0x40, 0x02, 0x54,
    0xa3, 0x41, 0x8b, 0x47, 0x5e, 0x40, 0x05, 0xde, 0xa1, 0x41, 0x0d, 0x00, 0x20, 0x6d, 0x4b, 0x40,
    0x07, 0x68, 0xa0, 0x41, 0xfd, 0xf1, 0x3f, 0x40, 0x1b, 0xd2, 0x9d, 0x41, 0x00, 0x00, 0x40, 0x40,
    0x4a, 0x0c, 0x9b, 0x41, 0x0c, 0x00, 0x00, 0x00, 0x40, 0x40, 0xa8, 0xc6, 0xd3, 0x40, 0x0d, 0x00,
    0x4f, 0x03, 0x40, 0x40, 0x76, 0xad, 0xc7, 0x40, 0x43, 0xbf, 0x4d, 0x40, 0x74, 0x93, 0xbc, 0x40,
    0x5a, 0x64, 0x63, 0x40, 0x02, 0x2b, 0xb7, 0x40, 0x0c, 0x00, 0x2d, 0xb2, 0x01, 0x41, 0xa6, 0x9b,
    0x5c, 0x40, 0x0d, 0x00, 0xc2, 0xb1, 0x0a, 0x41, 0x3c, 0x9f, 0x4a, 0x40, 0x3e, 0x4e, 0x15, 0x41,
    0x3c, 0x9f, 0x4a, 0x40, 0xd3, 0x4d, 0x1e, 0x41, 0xa6, 0x9b, 0x5c, 0x40, 0x0e, 0x00, 0x0b, 0x00,
    0x00, 0x00, 0x70, 0x41, 0xb0, 0x72, 0xb8, 0x40, 0x0c, 0x00, 0x00, 0x00, 0x70, 0x41, 0xac, 0x1c,
    0xa6, 0x41, 0x0b, 0x00, 0x00, 0x00, 0x10, 0x41, 0xa0, 0x1a, 0x4f, 0x40, 0x0c, 0x00, 0x00, 0x00,
    0x10, 0x41, 0x54, 0xe3, 0x91, 0x41, 0x10, 0x00, 0x00, 0x00,
    // maximize @ 15630, 252 bytes
    0x01, 0x00, 0x00, 0x00, 0x00, 0x00, 0x00, 0x00, 0x00, 0x00, 0x00, 0x00, 0xc0, 0x41, 0x00, 0x00,
    0xc0, 0x41, 0x02, 0x00, 0x00, 0x00, 0x00, 0x40, 0x0b, 0x00, 0x00, 0x00, 0x00, 0x41, 0x00, 0x00,
    0x40, 0x40, 0x0c, 0x00, 0x00, 0x00, 0xa0, 0x40, 0x00, 0x00, 0x40, 0x40, 0x0d, 0x00, 0x02, 0xc8,
    0x79, 0x40, 0x00, 0x00, 0x40, 0x40, 0x00, 0x00, 0x40, 0x40, 0x02, 0xc8, 0x79, 0x40, 0x00, 0x00,
    0x40, 0x40, 0x00, 0x00, 0xa0, 0x40, 0x0c, 0x00, 0x00, 0x00, 0x40, 0x40, 0x00, 0x00, 0x00, 0x41,
    0x0b, 0x00, 0x00, 0x00, 0xa8, 0x41, 0x00, 0x00, 0x00, 0x41, 0x0c, 0x00, 0x00, 0x00, 0xa8, 0x41,
    0x00, 0x00, 0xa0, 0x40, 0x0d, 0x00, 0x00, 0x00, 0xa8, 0x41, 0x02, 0xc8, 0x79, 0x40, 0x00, 0xc7,
    0xa0, 0x41, 0x00, 0x00, 0x40, 0x40, 0x00, 0x00, 0x98, 0x41, 0x00, 0x00, 0x40, 0x40, 0x0c, 0x00,
    0x00, 0x00, 0x80, 0x41, 0x00, 0x00, 0x40, 0x40, 0x0b, 0x00, 0x00, 0x00, 0x40, 0x40, 0x00, 0x00,
    0x80, 0x41, 0x0c, 0x00, 0x00, 0x00, 0x40, 0x40, 0x00, 0x00, 0x98, 0x41, 0x0d, 0x00, 0x00, 0x00,
    0x40, 0x40, 0x00, 0xc7, 0xa0, 0x41, 0x02, 0xc8, 0x79, 0x40, 0x00, 0x00, 0xa8, 0x41, 0x00, 0x00,
    0xa0, 0x40, 0x00, 0x00, 0xa8, 0x41, 0x0c, 0x00, 0x00, 0x00, 0x00, 0x41, 0x00, 0x00, 0xa8, 0x41,
    0x0b, 0x00, 0x00, 0x00, 0x80, 0x41, 0x00, 0x00, 0xa8, 0x41, 0x0c, 0x00, 0x00, 0x00, 0x98, 0x41,
    0x00, 0x00, 0xa8, 0x41, 0x0d, 0x00, 0x00, 0xc7, 0xa0, 0x41, 0x00, 0x00, 0xa8, 0x41, 0x00, 0x00,
    0xa8, 0x41, 0x00, 0xc7, 0xa0, 0x41, 0x00, 0x00, 0xa8, 0x41, 0x00, 0x00, 0x98, 0x41, 0x0c, 0x00,
    0x00, 0x00, 0xa8, 0x41, 0x00, 0x00, 0x80, 0x41, 0x10, 0x00, 0x00, 0x00,
    // memory-stick @ 15882, 384 bytes
    0x01, 0x00, 0x00, 0x00, 0x00, 0x00, 0x00, 0x00, 0x00, 0x00, 0x00, 0x00, 0xc0, 0x41, 0x00, 0x00,
    0xc0, 0x41, 0x02, 0x00, 0x00, 0x00, 0x00, 0x40, 0x0b, 0x00, 0x00, 0x00, 0x40, 0x41, 0x00, 0x00,
    0x40, 0x41, 0x0c, 0x00, 0x00, 0x00, 0x40, 0x41, 0x00, 0x00, 0x20, 0x41, 0x0b, 0x00, 0x00, 0x00,
    0x40, 0x41, 0x00, 0x00, 0x90, 0x41, 0x0c, 0x00, 0x00, 0x00, 0x40, 0x41, 0x00, 0x00, 0x80, 0x41,
    0x0b, 0x00, 0x00, 0x00, 0x80, 0x41, 0x00, 0x00, 0x40, 0x41, 0x0c, 0x00, 0x00, 0x00, 0x80, 0x41,
    0x00, 0x00, 0x20, 0x41, 0x0b, 0x00, 0x00, 0x00, 0x80, 0x41, 0x00, 0x00, 0x90, 0x41, 0x0c, 0x00,
    0x00, 0x00, 0x80, 0x41, 0x00, 0x00, 0x80, 0x41, 0x0b, 0x00, 0x00, 0x00, 0x00, 0x40, 0x00, 0x00,
    0x30, 0x41, 0x0c, 0x00, 0x00, 0x00, 0x60, 0x40, 0x00, 0x00, 0x30, 0x41, 0x0b, 0x00, 0x00, 0x00,
    0xa0, 0x41, 0x00, 0x00, 0x90, 0x41, 0x0c, 0x00, 0x00, 0x00, 0xa0, 0x41, 0x00, 0x00, 0x80, 0x41,
    0x0b, 0x00, 0x00, 0x00, 0xa4, 0x41, 0x00, 0x00, 0x30, 0x41, 0x0c, 0x00, 0x00, 0x00, 0xb0, 0x41,
    0x00, 0x00, 0x30, 0x41, 0x0b, 0x00, 0x00, 0x00, 0x80, 0x40, 0x00, 0x00, 0x90, 0x41, 0x0c, 0x00,
    0x00, 0x00, 0x80, 0x40, 0x00, 0x00, 0x80, 0x41, 0x0b, 0x00, 0x00, 0x00, 0x00, 0x41, 0x00, 0x00,
    0x40, 0x41, 0x0c, 0x00, 0x00, 0x00, 0x00, 0x41, 0x00, 0x00, 0x20, 0x41, 0x0b, 0x00, 0x00, 0x00,
    0x00, 0x41, 0x00, 0x00, 0x90, 0x41, 0x0c, 0x00, 0x00, 0x00, 0x00, 0x41, 0x00, 0x00, 0x80, 0x41,
    0x0b, 0x00, 0x00, 0x00, 0x80, 0x40, 0x00, 0x00, 0xc0, 0x40, 0x0c, 0x00, 0x00, 0x00, 0xa0, 0x41,
    0x00, 0x00, 0xc0, 0x40, 0x0d, 0x00, 0x29, 0xd6, 0xa8, 0x41, 0x00, 0x00, 0xc0, 0x40, 0x00, 0x00,
    0xb0, 0x41, 0x5e, 0xa7, 0xdc, 0x40, 0x00, 0x00, 0xb0, 0x41, 0x00, 0x00, 0x00, 0x41, 0x0c, 0x00,
    0x00, 0x00, 0xb0, 0x41, 0x00, 0x00, 0x60, 0x41, 0x0d, 0x00, 0x00, 0x00, 0xb0, 0x41, 0x51, 0xac,
    0x71, 0x41, 0x29, 0xd6, 0xa8, 0x41, 0x00, 0x00, 0x80, 0x41, 0x00, 0x00, 0xa0, 0x41, 0x00, 0x00,
    0x80, 0x41, 0x0c, 0x00, 0x00, 0x00, 0x80, 0x40, 0x00, 0x00, 0x80, 0x41, 0x0d, 0x00, 0xbc, 0x4e,
    0x39, 0x40, 0x00, 0x00, 0x80, 0x41, 0x00, 0x00, 0x00, 0x40, 0x51, 0xac, 0x71, 0x41, 0x00, 0x00,
    0x00, 0x40, 0x00, 0x00, 0x60, 0x41, 0x0c, 0x00, 0x00, 0x00, 0x00, 0x40, 0x00, 0x00, 0x00, 0x41,
    0x0d, 0x00, 0x00, 0x00, 0x00, 0x40, 0x5e, 0xa7, 0xdc, 0x40, 0xbc, 0x4e, 0x39, 0x40, 0x00, 0x00,
    0xc0, 0x40, 0x00, 0x00, 0x80, 0x40, 0x00, 0x00, 0xc0, 0x40, 0x0e, 0x00, 0x10, 0x00, 0x00, 0x00,
    // menu @ 16266, 88 bytes
    0x01, 0x00, 0x00, 0x00, 0x00, 0x00, 0x00, 0x00, 0x00, 0x00, 0x00, 0x00, 0xc0, 0x41, 0x00, 0x00,
    0xc0, 0x41, 0x02, 0x00, 0x00, 0x00, 0x00, 0x40, 0x0b, 0x00, 0x00, 0x00, 0x80, 0x40, 0x00, 0x00,
    0xa0, 0x40, 0x0c, 0x00, 0x00, 0x00, 0xa0, 0x41, 0x00, 0x00, 0xa0, 0x40, 0x0b, 0x00, 0x00, 0x00,
    0x80, 0x40, 0x00, 0x00, 0x40, 0x41, 0x0c, 0x00, 0x00, 0x00, 0xa0, 0x41, 0x00, 0x00, 0x40, 0x41,
    0x0b, 0x00, 0x00, 0x00, 0x80, 0x40, 0x00, 0x00, 0x98, 0x41, 0x0c, 0x00, 0x00, 0x00, 0xa0, 0x41,
    0x00, 0x00, 0x98, 0x41, 0x10, 0x00, 0x00, 0x00,
    // minimize @ 16354, 252 bytes
    0x01, 0x00, 0x00, 0x00, 0x00, 0x00, 0x00, 0x00, 0x00, 0x00, 0x00, 0x00, 0xc0, 0x41, 0x00, 0x00,
    0xc0, 0x41, 0x02, 0x00, 0x00, 0x00, 0x00, 0x40, 0x0b, 0x00, 0x00, 0x00, 0x00, 0x41, 0x00, 0x00,
    0x40, 0x40, 0x0c, 0x00, 0x00, 0x00, 0x00, 0x41, 0x00, 0x00, 0xc0, 0x40, 0x0d, 0x00, 0x00, 0x00,
    0x00, 0x41, 0xff, 0x1b, 0xe3, 0x40, 0xff, 0x1b, 0xe3, 0x40, 0x00, 0x00, 0x00, 0x41, 0x00, 0x00,
    0xc0, 0x40, 0x00, 0x00, 0x00, 0x41, 0x0c, 0x00, 0x00, 0x00, 0x40, 0x40, 0x00, 0x00, 0x00, 0x41,
    0x0b, 0x00, 0x00, 0x00, 0xa8, 0x41, 0x00, 0x00, 0x00, 0x41, 0x0c, 0x00, 0x00, 0x00, 0x90, 0x41,
    0x00, 0x00, 0x00, 0x41, 0x0d, 0x00, 0x00, 0x39, 0x87, 0x41, 0x00, 0x00, 0x00, 0x41, 0x00, 0x00,
    0x80, 0x41, 0xff, 0x1b, 0xe3, 0x40, 0x00, 0x00, 0x80, 0x41, 0x00, 0x00, 0xc0, 0x40, 0x0c, 0x00,
    0x00, 0x00, 0x80, 0x41, 0x00, 0x00, 0x40, 0x40, 0x0b, 0x00, 0x00, 0x00, 0x40, 0x40, 0x00, 0x00,
    0x80, 0x41, 0x0c, 0x00, 0x00, 0x00, 0xc0, 0x40, 0x00, 0x00, 0x80, 0x41, 0x0d, 0x00, 0xff, 0x1b,
    0xe3, 0x40, 0x00, 0x00, 0x80, 0x41, 0x00, 0x00, 0x00, 0x41, 0x00, 0x39, 0x87, 0x41, 0x00, 0x00,
    0x00, 0x41, 0x00, 0x00, 0x90, 0x41, 0x0c, 0x00, 0x00, 0x00, 0x00, 0x41, 0x00, 0x00, 0xa8, 0x41,
    0x0b, 0x00, 0x00, 0x00, 0x80, 0x41, 0x00, 0x00, 0xa8, 0x41, 0x0c, 0x00, 0x00, 0x00, 0x80, 0x41,
    0x00, 0x00, 0x90, 0x41, 0x0d, 0x00, 0x00, 0x00, 0x80, 0x41, 0x00, 0x39, 0x87, 0x41, 0x00, 0x39,
    0x87, 0x41, 0x00, 0x00, 0x80, 0x41, 0x00, 0x00, 0x90, 0x41, 0x00, 0x00, 0x80, 0x41, 0x0c, 0x00,
    0x00, 0x00, 0xa8, 0x41, 0x00, 0x00, 0x80, 0x41, 0x10, 0x00, 0x00, 0x00,
    // minus @ 16606, 48 bytes
    0x01, 0x00, 0x00, 0x00, 0x00, 0x00, 0x00, 0x00, 0x00, 0x00, 0x00, 0x00, 0xc0, 0x41, 0x00, 0x00,
    0xc0, 0x41, 0x02, 0x00, 0x00, 0x00, 0x00, 0x40, 0x0b, 0x00, 0x00, 0x00, 0xa0, 0x40, 0x00, 0x00,
    0x40, 0x41, 0x0c, 0x00, 0x00, 0x00, 0x98, 0x41, 0x00, 0x00, 0x40, 0x41, 0x10, 0x00, 0x00, 0x00,
    // moon @ 16654, 220 bytes
    0x01, 0x00, 0x00, 0x00, 0x00, 0x00, 0x00, 0x00, 0x00, 0x00, 0x00, 0x00, 0xc0, 0x41, 0x00, 0x00,
    0xc0, 0x41, 0x02, 0x00, 0x00, 0x00, 0x00, 0x40, 0x0b, 0x00, 0x48, 0xe1, 0xa7, 0x41, 0xa8, 0xc6,
    0x47, 0x41, 0x0d, 0x00, 0xb7, 0xcd, 0xa5, 0x41, 0x4f, 0x5a, 0x8a, 0x41, 0x21, 0x35, 0x85, 0x41,
    0xb8, 0xaf, 0xa8, 0x41, 0xcb, 0x62, 0x3d, 0x41, 0xcd, 0xfe, 0xa7, 0x41, 0x0d, 0x00, 0xaa, 0xb6,
    0xe0, 0x40, 0xe3, 0x4d, 0xa7, 0x41, 0x4e, 0x88, 0x45, 0x40, 0x1c, 0xd2, 0x87, 0x41, 0xa3, 0xf8,
    0x3f, 0x40, 0xca, 0x9c, 0x42, 0x41, 0x0d, 0x00, 0xf8, 0x68, 0x3a, 0x40, 0xbb, 0x2a, 0xeb, 0x40,
    0x9a, 0x86, 0xd6, 0x40, 0x36, 0x8a, 0x51, 0x40, 0x27, 0x31, 0x38, 0x41, 0x60, 0xe5, 0x40, 0x40,
    0x0d, 0x00, 0x08, 0xac, 0x3e, 0x41, 0xee, 0x7c, 0x3f, 0x40, 0x62, 0x10, 0x42, 0x41, 0x04, 0x56,
    0x5e, 0x40, 0xbe, 0x9f, 0x3e, 0x41, 0xba, 0x49, 0x74, 0x40, 0x0d, 0x00, 0x77, 0x03, 0x27, 0x41,
    0x2e, 0xb2, 0xc5, 0x40, 0x38, 0xa6, 0x2c, 0x41, 0xc3, 0x55, 0x14, 0x41, 0x2e, 0x26, 0x4c, 0x41,
    0xb9, 0xd5, 0x33, 0x41, 0x0d, 0x00, 0x24, 0xa6, 0x6b, 0x41, 0xaf, 0x55, 0x53, 0x41, 0x68, 0x91,
    0x8e, 0x41, 0x70, 0xf8, 0x58, 0x41, 0xbc, 0x74, 0xa1, 0x41, 0x29, 0x5c, 0x41, 0x41, 0x0d, 0x00,
    0x3f, 0x35, 0xa4, 0x41, 0x85, 0xeb, 0x3d, 0x41, 0x56, 0x0e, 0xa8, 0x41, 0xc7, 0x4b, 0x41, 0x41,
    0x48, 0xe1, 0xa7, 0x41, 0xa8, 0xc6, 0x47, 0x41, 0x10, 0x00, 0x00, 0x00,
    // network @ 16874, 608 bytes
    0x01, 0x00, 0x00, 0x00, 0x00, 0x00, 0x00, 0x00, 0x00, 0x00, 0x00, 0x00, 0xc0, 0x41, 0x00, 0x00,
    0xc0, 0x41, 0x02, 0x00, 0x00, 0x00, 0x00, 0x40, 0x0b, 0x00, 0x00, 0x00, 0x88, 0x41, 0x00, 0x00,
    0x80, 0x41, 0x0c, 0x00, 0x00, 0x00, 0xa8, 0x41, 0x00, 0x00, 0x80, 0x41, 0x0d, 0x00, 0x14, 0x6b,
    0xac, 0x41, 0x00, 0x00, 0x80, 0x41, 0x00, 0x00, 0xb0, 0x41, 0xec, 0x94, 0x83, 0x41, 0x00, 0x00,
    0xb0, 0x41, 0x00, 0x00, 0x88, 0x41, 0x0c, 0x00, 0x00, 0x00, 0xb0, 0x41, 0x00, 0x00, 0xa8, 0x41,
    0x0d, 0x00, 0x00, 0x00, 0xb0, 0x41, 0x14, 0x6b, 0xac, 0x41, 0x14, 0x6b, 0xac, 0x41, 0x00, 0x00,
    0xb0, 0x41, 0x00, 0x00, 0xa8, 0x41, 0x00, 0x00, 0xb0, 0x41, 0x0c, 0x00, 0x00, 0x00, 0x88, 0x41,
    0x00, 0x00, 0xb0, 0x41, 0x0d, 0x00, 0xec, 0x94, 0x83, 0x41, 0x00, 0x00, 0xb0, 0x41, 0x00, 0x00,
    0x80, 0x41, 0x14, 0x6b, 0xac, 0x41, 0x00, 0x00, 0x80, 0x41, 0x00, 0x00, 0xa8, 0x41, 0x0c, 0x00,
    0x00, 0x00, 0x80, 0x41, 0x00, 0x00, 0x88, 0x41, 0x0d, 0x00, 0x00, 0x00, 0x80, 0x41, 0xec, 0x94,
    0x83, 0x41, 0xec, 0x94, 0x83, 0x41, 0x00, 0x00, 0x80, 0x41, 0x00, 0x00, 0x88, 0x41, 0x00, 0x00,
    0x80, 0x41, 0x0e, 0x00, 0x0b, 0x00, 0x00, 0x00, 0x40, 0x40, 0x00, 0x00, 0x80, 0x41, 0x0c, 0x00,
    0x00, 0x00, 0xe0, 0x40, 0x00, 0x00, 0x80, 0x41, 0x0d, 0x00, 0x51, 0xac, 0xf1, 0x40, 0x00, 0x00,
    0x80, 0x41, 0x00, 0x00, 0x00, 0x41, 0xec, 0x94, 0x83, 0x41, 0x00, 0x00, 0x00, 0x41, 0x00, 0x00,
    0x88, 0x41, 0x0c, 0x00, 0x00, 0x00, 0x00, 0x41, 0x00, 0x00, 0xa8, 0x41, 0x0d, 0x00, 0x00, 0x00,
    0x00, 0x41, 0x14, 0x6b, 0xac, 0x41, 0x51, 0xac, 0xf1, 0x40, 0x00, 0x00, 0xb0, 0x41, 0x00, 0x00,
    0xe0, 0x40, 0x00, 0x00, 0xb0, 0x41, 0x0c, 0x00, 0x00, 0x00, 0x40, 0x40, 0x00, 0x00, 0xb0, 0x41,
    0x0d, 0x00, 0x5e, 0xa7, 0x1c, 0x40, 0x00, 0x00, 0xb0, 0x41, 0x00, 0x00, 0x00, 0x40, 0x14, 0x6b,
    0xac, 0x41, 0x00, 0x00, 0x00, 0x40, 0x00, 0x00, 0xa8, 0x41, 0x0c, 0x00, 0x00, 0x00, 0x00, 0x40,
    0x00, 0x00, 0x88, 0x41, 0x0d, 0x00, 0x00, 0x00, 0x00, 0x40, 0xec, 0x94, 0x83, 0x41, 0x5e, 0xa7,
    0x1c, 0x40, 0x00, 0x00, 0x80, 0x41, 0x00, 0x00, 0x40, 0x40, 0x00, 0x00, 0x80, 0x41, 0x0e, 0x00,
    0x0b, 0x00, 0x00, 0x00, 0x20, 0x41, 0x00, 0x00, 0x00, 0x40, 0x0c, 0x00, 0x00, 0x00, 0x60, 0x41,
    0x00, 0x00, 0x00, 0x40, 0x0d, 0x00, 0x29, 0xd6, 0x68, 0x41, 0x00, 0x00, 0x00, 0x40, 0x00, 0x00,
    0x70, 0x41, 0x5e, 0xa7, 0x1c, 0x40, 0x00, 0x00, 0x70, 0x41, 0x00, 0x00, 0x40, 0x40, 0x0c, 0x00,
    0x00, 0x00, 0x70, 0x41, 0x00, 0x00, 0xe0, 0x40, 0x0d, 0x00, 0x00, 0x00, 0x70, 0x41, 0x51, 0xac,
    0xf1, 0x40, 0x29, 0xd6, 0x68, 0x41, 0x00, 0x00, 0x00, 0x41, 0x00, 0x00, 0x60, 0x41, 0x00, 0x00,
    0x00, 0x41, 0x0c, 0x00, 0x00, 0x00, 0x20, 0x41, 0x00, 0x00, 0x00, 0x41, 0x0d, 0x00, 0xd7, 0x29,
    0x17, 0x41, 0x00, 0x00, 0x00, 0x41, 0x00, 0x00, 0x10, 0x41, 0x51, 0xac, 0xf1, 0x40, 0x00, 0x00,
    0x10, 0x41, 0x00, 0x00, 0xe0, 0x40, 0x0c, 0x00, 0x00, 0x00, 0x10, 0x41, 0x00, 0x00, 0x40, 0x40,
    0x0d, 0x00, 0x00, 0x00, 0x10, 0x41, 0x5e, 0xa7, 0x1c, 0x40, 0xd7, 0x29, 0x17, 0x41, 0x00, 0x00,
    0x00, 0x40, 0x00, 0x00, 0x20, 0x41, 0x00, 0x00, 0x00, 0x40, 0x0e, 0x00, 0x0b, 0x00, 0x00, 0x00,
    0xa0, 0x40, 0x00, 0x00, 0x80, 0x41, 0x0c, 0x00, 0x00, 0x00, 0xa0, 0x40, 0x00, 0x00, 0x50, 0x41,
    0x0d, 0x00, 0x00, 0x00, 0xa0, 0x40, 0x00, 0x39, 0x47, 0x41, 0x00, 0x72, 0xae, 0x40, 0x00, 0x00,
    0x40, 0x41, 0x00, 0x00, 0xc0, 0x40, 0x00, 0x00, 0x40, 0x41, 0x0c, 0x00, 0x00, 0x00, 0x90, 0x41,
    0x00, 0x00, 0x40, 0x41, 0x0d, 0x00, 0x80, 0x63, 0x94, 0x41, 0x00, 0x00, 0x40, 0x41, 0x00, 0x00,
    0x98, 0x41, 0x00, 0x39, 0x47, 0x41, 0x00, 0x00, 0x98, 0x41, 0x00, 0x00, 0x50, 0x41, 0x0c, 0x00,
    0x00, 0x00, 0x98, 0x41, 0x00, 0x00, 0x80, 0x41, 0x0b, 0x00, 0x00, 0x00, 0x40, 0x41, 0x00, 0x00,
    0x40, 0x41, 0x0c, 0x00, 0x00, 0x00, 0x40, 0x41, 0x00, 0x00, 0x00, 0x41, 0x10, 0x00, 0x00, 0x00,
    // palette @ 17482, 892 bytes
    0x01, 0x00, 0x00, 0x00, 0x00, 0x00, 0x00, 0x00, 0x00, 0x00, 0x00, 0x00, 0xc0, 0x41, 0x00, 0x00,
    0xc0, 0x41, 0x02, 0x00, 0x00, 0x00, 0x00, 0x40, 0x0b, 0x00, 0x00, 0x00, 0x40, 0x41, 0x00, 0x00,
    0xb0, 0x41, 0x0d, 0x00, 0x04, 0x74, 0xd0, 0x40, 0x00, 0x00, 0xb0, 0x41, 0x00, 0x00, 0x00, 0x40,
    0xff, 0xe2, 0x8b, 0x41, 0x00, 0x00, 0x00, 0x40, 0x00, 0x00, 0x40, 0x41, 0x0d, 0x00, 0x00, 0x00,
    0x00, 0x40, 0x04, 0x74, 0xd0, 0x40, 0x04, 0x74, 0xd0, 0x40, 0x00, 0x00, 0x00, 0x40, 0x00, 0x00,
    0x40, 0x41, 0x00, 0x00, 0x00, 0x40, 0x0d, 0x00, 0xff, 0xe2, 0x8b, 0x41, 0x00, 0x00, 0x00, 0x40,
    0x00, 0x00, 0xb0, 0x41, 0x04, 0x02, 0xc2, 0x40, 0x00, 0x00, 0xb0, 0x41, 0x00, 0x00, 0x30, 0x41,
    0x0d, 0x00, 0x00, 0x00, 0xb0, 0x41, 0xff, 0xe2, 0x5b, 0x41, 0x7f, 0xf1, 0x9d, 0x41, 0x00, 0x00,
    0x80, 0x41, 0x00, 0x00, 0x88, 0x41, 0x00, 0x00, 0x80, 0x41, 0x0c, 0x00, 0x00, 0x00, 0x6c, 0x41,
    0x00, 0x00, 0x80, 0x41, 0x0d, 0x00, 0x33, 0x69, 0x61, 0x41, 0x00, 0x00, 0x80, 0x41, 0x0d, 0xb1,
    0x57, 0x41, 0xe1, 0x00, 0x83, 0x41, 0xbf, 0xf4, 0x52, 0x41, 0x30, 0xbd, 0x87, 0x41, 0x0d, 0x00,
    0x70, 0x38, 0x4e, 0x41, 0x7e, 0x79, 0x8c, 0x41, 0x1f, 0x3f, 0x4f, 0x41, 0x14, 0x2a, 0x92, 0x41,
    0x9a, 0x99, 0x55, 0x41, 0x66, 0x66, 0x96, 0x41, 0x0c, 0x00, 0x66, 0x66, 0x5a, 0x41, 0x9a, 0x99,
    0x99, 0x41, 0x0d, 0x00, 0xe1, 0xc0, 0x60, 0x41, 0xec, 0xd5, 0x9d, 0x41, 0x90, 0xc7, 0x61, 0x41,
    0x82, 0x86, 0xa3, 0x41, 0x41, 0x0b, 0x5d, 0x41, 0xd0, 0x42, 0xa8, 0x41, 0x0d, 0x00, 0xf3, 0x4e,
    0x58, 0x41, 0x1f, 0xff, 0xac, 0x41, 0xcd, 0x96, 0x4e, 0x41, 0x00, 0x00, 0xb0, 0x41, 0x00, 0x00,
    0x44, 0x41, 0x00, 0x00, 0xb0, 0x41, 0x0e, 0x00, 0x0b, 0x00, 0x00, 0x00, 0x58, 0x41, 0x00, 0x00,
    0xc0, 0x40, 0x0c, 0x00, 0x00, 0x00, 0x58, 0x41, 0x00, 0x00, 0xc0, 0x40, 0x0d, 0x00, 0x14, 0x6b,
    0x5c, 0x41, 0x00, 0x00, 0xc0, 0x40, 0x00, 0x00, 0x60, 0x41, 0xd7, 0x29, 0xc7, 0x40, 0x00, 0x00,
    0x60, 0x41, 0x00, 0x00, 0xd0, 0x40, 0x0c, 0x00, 0x00, 0x00, 0x60, 0x41, 0x00, 0x00, 0xd0, 0x40,
    0x0d, 0x00, 0x00, 0x00, 0x60, 0x41, 0x29, 0xd6, 0xd8, 0x40, 0x14, 0x6b, 0x5c, 0x41, 0x00, 0x00,
    0xe0, 0x40, 0x00, 0x00, 0x58, 0x41, 0x00, 0x00, 0xe0, 0x40, 0x0c, 0x00, 0x00, 0x00, 0x58, 0x41,
    0x00, 0x00, 0xe0, 0x40, 0x0d, 0x00, 0xec, 0x94, 0x53, 0x41, 0x00, 0x00, 0xe0, 0x40, 0x00, 0x00,
    0x50, 0x41, 0x29, 0xd6, 0xd8, 0x40, 0x00, 0x00, 0x50, 0x41, 0x00, 0x00, 0xd0, 0x40, 0x0c, 0x00,
    0x00, 0x00, 0x50, 0x41, 0x00, 0x00, 0xd0, 0x40, 0x0d, 0x00, 0x00, 0x00, 0x50, 0x41, 0xd7, 0x29,
    0xc7, 0x40, 0xec, 0x94, 0x53, 0x41, 0x00, 0x00, 0xc0, 0x40, 0x00, 0x00, 0x58, 0x41, 0x00, 0x00,
    0xc0, 0x40, 0x0e, 0x00, 0x0b, 0x00, 0x00, 0x00, 0x8c, 0x41, 0x00, 0x00, 0x20, 0x41, 0x0c, 0x00,
    0x00, 0x00, 0x8c, 0x41, 0x00, 0x00, 0x20, 0x41, 0x0d, 0x00, 0x8a, 0x35, 0x8e, 0x41, 0x00, 0x00,
    0x20, 0x41, 0x00, 0x00, 0x90, 0x41, 0xec, 0x94, 0x23, 0x41, 0x00, 0x00, 0x90, 0x41, 0x00, 0x00,
    0x28, 0x41, 0x0c, 0x00, 0x00, 0x00, 0x90, 0x41, 0x00, 0x00, 0x28, 0x41, 0x0d, 0x00, 0x00, 0x00,
    0x90, 0x41, 0x14, 0x6b, 0x2c, 0x41, 0x8a, 0x35, 0x8e, 0x41, 0x00, 0x00, 0x30, 0x41, 0x00, 0x00,
    0x8c, 0x41, 0x00, 0x00, 0x30, 0x41, 0x0c, 0x00, 0x00, 0x00, 0x8c, 0x41, 0x00, 0x00, 0x30, 0x41,
    0x0d, 0x00, 0x76, 0xca, 0x89, 0x41, 0x00, 0x00, 0x30, 0x41, 0x00, 0x00, 0x88, 0x41, 0x14, 0x6b,
    0x2c, 0x41, 0x00, 0x00, 0x88, 0x41, 0x00, 0x00, 0x28, 0x41, 0x0c, 0x00, 0x00, 0x00, 0x88, 0x41,
    0x00, 0x00, 0x28, 0x41, 0x0d, 0x00, 0x00, 0x00, 0x88, 0x41, 0xec, 0x94, 0x23, 0x41, 0x76, 0xca,
    0x89, 0x41, 0x00, 0x00, 0x20, 0x41, 0x00, 0x00, 0x8c, 0x41, 0x00, 0x00, 0x20, 0x41, 0x0e, 0x00,
    0x0b, 0x00, 0x00, 0x00, 0xd0, 0x40, 0x00, 0x00, 0x40, 0x41, 0x0c, 0x00, 0x00, 0x00, 0xd0, 0x40,
    0x00, 0x00, 0x40, 0x41, 0x0d, 0x00, 0x29, 0xd6, 0xd8, 0x40, 0x00, 0x00, 0x40, 0x41, 0x00, 0x00,
    0xe0, 0x40, 0xec, 0x94, 0x43, 0x41, 0x00, 0x00, 0xe0, 0x40, 0x00, 0x00, 0x48, 0x41, 0x0c, 0x00,
    0x00, 0x00, 0xe0, 0x40, 0x00, 0x00, 0x48, 0x41, 0x0d, 0x00, 0x00, 0x00, 0xe0, 0x40, 0x14, 0x6b,
    0x4c, 0x41, 0x29, 0xd6, 0xd8, 0x40, 0x00, 0x00, 0x50, 0x41, 0x00, 0x00, 0xd0, 0x40, 0x00, 0x00,
    0x50, 0x41, 0x0c, 0x00, 0x00, 0x00, 0xd0, 0x40, 0x00, 0x00, 0x50, 0x41, 0x0d, 0x00, 0xd7, 0x29,
    0xc7, 0x40, 0x00, 0x00, 0x50, 0x41, 0x00, 0x00, 0xc0, 0x40, 0x14, 0x6b, 0x4c, 0x41, 0x00, 0x00,
    0xc0, 0x40, 0x00, 0x00, 0x48, 0x41, 0x0c, 0x00, 0x00, 0x00, 0xc0, 0x40, 0x00, 0x00, 0x48, 0x41,
    0x0d, 0x00, 0x00, 0x00, 0xc0, 0x40, 0xec, 0x94, 0x43, 0x41, 0xd7, 0x29, 0xc7, 0x40, 0x00, 0x00,
    0x40, 0x41, 0x00, 0x00, 0xd0, 0x40, 0x00, 0x00, 0x40, 0x41, 0x0e, 0x00, 0x0b, 0x00, 0x00, 0x00,
    0x08, 0x41, 0x00, 0x00, 0xe0, 0x40, 0x0c, 0x00, 0x00, 0x00, 0x08, 0x41, 0x00, 0x00, 0xe0, 0x40,
    0x0d, 0x00, 0x14, 0x6b, 0x0c, 0x41, 0x00, 0x00, 0xe0, 0x40, 0x00, 0x00, 0x10, 0x41, 0xd7, 0x29,
    0xe7, 0x40, 0x00, 0x00, 0x10, 0x41, 0x00, 0x00, 0xf0, 0x40, 0x0c, 0x00, 0x00, 0x00, 0x10, 0x41,
    0x00, 0x00, 0xf0, 0x40, 0x0d, 0x00, 0x00, 0x00, 0x10, 0x41, 0x29, 0xd6, 0xf8, 0x40, 0x14, 0x6b,
    0x0c, 0x41, 0x00, 0x00, 0x00, 0x41, 0x00, 0x00, 0x08, 0x41, 0x00, 0x00, 0x00, 0x41, 0x0c, 0x00,
    0x00, 0x00, 0x08, 0x41, 0x00, 0x00, 0x00, 0x41, 0x0d, 0x00, 0xec, 0x94, 0x03, 0x41, 0x00, 0x00,
    0x00, 0x41, 0x00, 0x00, 0x00, 0x41, 0x29, 0xd6, 0xf8, 0x40, 0x00, 0x00, 0x00, 0x41, 0x00, 0x00,
    0xf0, 0x40, 0x0c, 0x00, 0x00, 0x00, 0x00, 0x41, 0x00, 0x00, 0xf0, 0x40, 0x0d, 0x00, 0x00, 0x00,
    0x00, 0x41, 0xd7, 0x29, 0xe7, 0x40, 0xec, 0x94, 0x03, 0x41, 0x00, 0x00, 0xe0, 0x40, 0x00, 0x00,
    0x08, 0x41, 0x00, 0x00, 0xe0, 0x40, 0x0e, 0x00, 0x10, 0x00, 0x00, 0x00,
    // panel-bottom @ 18374, 204 bytes
    0x01, 0x00, 0x00, 0x00, 0x00, 0x00, 0x00, 0x00, 0x00, 0x00, 0x00, 0x00, 0xc0, 0x41, 0x00, 0x00,
    0xc0, 0x41, 0x02, 0x00, 0x00, 0x00, 0x00, 0x40, 0x0b, 0x00, 0x00, 0x00, 0xa0, 0x40, 0x00, 0x00,
    0x40, 0x40, 0x0c, 0x00, 0x00, 0x00, 0x98, 0x41, 0x00, 0x00, 0x40, 0x40, 0x0d, 0x00, 0x29, 0xd6,
    0xa0, 0x41, 0x00, 0x00, 0x40, 0x40, 0x00, 0x00, 0xa8, 0x41, 0xbc, 0x4e, 0x79, 0x40, 0x00, 0x00,
    0xa8, 0x41, 0x00, 0x00, 0xa0, 0x40, 0x0c, 0x00, 0x00, 0x00, 0xa8, 0x41, 0x00, 0x00, 0x98, 0x41,
    0x0d, 0x00, 0x00, 0x00, 0xa8, 0x41, 0x29, 0xd6, 0xa0, 0x41, 0x29, 0xd6, 0xa0, 0x41, 0x00, 0x00,
    0xa8, 0x41, 0x00, 0x00, 0x98, 0x41, 0x00, 0x00, 0xa8, 0x41, 0x0c, 0x00, 0x00, 0x00, 0xa0, 0x40,
    0x00, 0x00, 0xa8, 0x41, 0x0d, 0x00, 0xbc, 0x4e, 0x79, 0x40, 0x00, 0x00, 0xa8, 0x41, 0x00, 0x00,
    0x40, 0x40, 0x29, 0xd6, 0xa0, 0x41, 0x00, 0x00, 0x40, 0x40, 0x00, 0x00, 0x98, 0x41, 0x0c, 0x00,
    0x00, 0x00, 0x40, 0x40, 0x00, 0x00, 0xa0, 0x40, 0x0d, 0x00, 0x00, 0x00, 0x40, 0x40, 0xbc, 0x4e,
    0x79, 0x40, 0xbc, 0x4e, 0x79, 0x40, 0x00, 0x00, 0x40, 0x40, 0x00, 0x00, 0xa0, 0x40, 0x00, 0x00,
    0x40, 0x40, 0x0e, 0x00, 0x0b, 0x00, 0x00, 0x00, 0x40, 0x40, 0x00, 0x00, 0x70, 0x41, 0x0c, 0x00,
    0x00, 0x00, 0xa8, 0x41, 0x00, 0x00, 0x70, 0x41, 0x10, 0x00, 0x00, 0x00,
    // panel-bottom-open @ 18578, 234 bytes
    0x01, 0x00, 0x00, 0x00, 0x00, 0x00, 0x00, 0x00, 0x00, 0x00, 0x00, 0x00, 0xc0, 0x41, 0x00, 0x00,
    0xc0, 0x41, 0x02, 0x00, 0x00, 0x00, 0x00, 0x40, 0x0b, 0x00, 0x00, 0x00, 0xa0, 0x40, 0x00, 0x00,
    0x40, 0x40, 0x0c, 0x00, 0x00, 0x00, 0x98, 0x41, 0x00, 0x00, 0x40, 0x40, 0x0d, 0x00, 0x29, 0xd6,
    0xa0, 0x41, 0x00, 0x00, 0x40, 0x40, 0x00, 0x00, 0xa8, 0x41, 0xbc, 0x4e, 0x79, 0x40, 0x00, 0x00,
    0xa8, 0x41, 0x00, 0x00, 0xa0, 0x40, 0x0c, 0x00, 0x00, 0x00, 0xa8, 0x41, 0x00, 0x00, 0x98, 0x41,
    0x0d, 0x00, 0x00, 0x00, 0xa8, 0x41, 0x29, 0xd6, 0xa0, 0x41, 0x29, 0xd6, 0xa0, 0x41, 0x00, 0x00,
    0xa8, 0x41, 0x00, 0x00, 0x98, 0x41, 0x00, 0x00, 0xa8, 0x41, 0x0c, 0x00, 0x00, 0x00, 0xa0, 0x40,
    0x00, 0x00, 0xa8, 0x41, 0x0d, 0x00, 0xbc, 0x4e, 0x79, 0x40, 0x00, 0x00, 0xa8, 0x41, 0x00, 0x00,
    0x40, 0x40, 0x29, 0xd6, 0xa0, 0x41, 0x00, 0x00, 0x40, 0x40, 0x00, 0x00, 0x98, 0x41, 0x0c, 0x00,
    0x00, 0x00, 0x40, 0x40, 0x00, 0x00, 0xa0, 0x40, 0x0d, 0x00, 0x00, 0x00, 0x40, 0x40, 0xbc, 0x4e,
    0x79, 0x40, 0xbc, 0x4e, 0x79, 0x40, 0x00, 0x00, 0x40, 0x40, 0x00, 0x00, 0xa0, 0x40, 0x00, 0x00,
    0x40, 0x40, 0x0e, 0x00, 0x0b, 0x00, 0x00, 0x00, 0x40, 0x40, 0x00, 0x00, 0x70, 0x41, 0x0c, 0x00,
    0x00, 0x00, 0xa8, 0x41, 0x00, 0x00, 0x70, 0x41, 0x0b, 0x00, 0x00, 0x00, 0x10, 0x41, 0x00, 0x00,
    0x20, 0x41, 0x0c, 0x00, 0x00, 0x00, 0x40, 0x41, 0x00, 0x00, 0xe0, 0x40, 0x0c, 0x00, 0x00, 0x00,
    0x70, 0x41, 0x00, 0x00, 0x20, 0x41, 0x10, 0x00, 0x00, 0x00,
    // panel-left @ 18812, 204 bytes
    0x01, 0x00, 0x00, 0x00, 0x00, 0x00, 0x00, 0x00, 0x00, 0x00, 0x00, 0x00, 0xc0, 0x41, 0x00, 0x00,
    0xc0, 0x41, 0x02, 0x00, 0x00, 0x00, 0x00, 0x40, 0x0b, 0x00, 0x00, 0x00, 0xa0, 0x40, 0x00, 0x00,
    0x40, 0x40, 0x0c, 0x00, 0x00, 0x00, 0x98, 0x41, 0x00, 0x00, 0x40, 0x40, 0x0d, 0x00, 0x29, 0xd6,
    0xa0, 0x41, 0x00, 0x00, 0x40, 0x40, 0x00, 0x00, 0xa8, 0x41, 0xbc, 0x4e, 0x79, 0x40, 0x00, 0x00,
    0xa8, 0x41, 0x00, 0x00, 0xa0, 0x40, 0x0c, 0x00, 0x00, 0x00, 0xa8, 0x41, 0x00, 0x00, 0x98, 0x41,
    0x0d, 0x00, 0x00, 0x00, 0xa8, 0x41, 0x29, 0xd6, 0xa0, 0x41, 0x29, 0xd6, 0xa0, 0x41, 0x00, 0x00,
    0xa8, 0x41, 0x00, 0x00, 0x98, 0x41, 0x00, 0x00, 0xa8, 0x41, 0x0c, 0x00, 0x00, 0x00, 0xa0, 0x40,
    0x00, 0x00, 0xa8, 0x41, 0x0d, 0x00, 0xbc, 0x4e, 0x79, 0x40, 0x00, 0x00, 0xa8, 0x41, 0x00, 0x00,
    0x40, 0x40, 0x29, 0xd6, 0xa0, 0x41, 0x00, 0x00, 0x40, 0x40, 0x00, 0x00, 0x98, 0x41, 0x0c, 0x00,
    0x00, 0x00, 0x40, 0x40, 0x00, 0x00, 0xa0, 0x40, 0x0d, 0x00, 0x00, 0x00, 0x40, 0x40, 0xbc, 0x4e,
    0x79, 0x40, 0xbc, 0x4e, 0x79, 0x40, 0x00, 0x00, 0x40, 0x40, 0x00, 0x00, 0xa0, 0x40, 0x00, 0x00,
    0x40, 0x40, 0x0e, 0x00, 0x0b, 0x00, 0x00, 0x00, 0x10, 0x41, 0x00, 0x00, 0x40, 0x40, 0x0c, 0x00,
    0x00, 0x00, 0x10, 0x41, 0x00, 0x00, 0xa8, 0x41, 0x10, 0x00, 0x00, 0x00,
    // panel-left-close @ 19016, 234 bytes
    0x01, 0x00, 0x00, 0x00, 0x00, 0x00, 0x00, 0x00, 0x00, 0x00, 0x00, 0x00, 0xc0, 0x41, 0x00, 0x00,
    0xc0, 0x41, 0x02, 0x00, 0x00, 0x00, 0x00, 0x40, 0x0b, 0x00, 0x00, 0x00, 0xa0, 0x40, 0x00, 0x00,
    0x40, 0x40, 0x0c, 0x00, 0x00, 0x00, 0x98, 0x41, 0x00, 0x00, 0x40, 0x40, 0x0d, 0x00, 0x29, 0xd6,
    0xa0, 0x41, 0x00, 0x00, 0x40, 0x40, 0x00, 0x00, 0xa8, 0x41, 0xbc, 0x4e, 0x79, 0x40, 0x00, 0x00,
    0xa8, 0x41, 0x00, 0x00, 0xa0, 0x40, 0x0c, 0x00, 0x00, 0x00, 0xa8, 0x41, 0x00, 0x00, 0x98, 0x41,
    0x0d, 0x00, 0x00, 0x00, 0xa8, 0x41, 0x29, 0xd6, 0xa0, 0x41, 0x29, 0xd6, 0xa0, 0x41, 0x00, 0x00,
    0xa8, 0x41, 0x00, 0x00, 0x98, 0x41, 0x00, 0x00, 0xa8, 0x41, 0x0c, 0x00, 0x00, 0x00, 0xa0, 0x40,
    0x00, 0x00, 0xa8, 0x41, 0x0d, 0x00, 0xbc, 0x4e, 0x79, 0x40, 0x00, 0x00, 0xa8, 0x41, 0x00, 0x00,
    0x40, 0x40, 0x29, 0xd6, 0xa0, 0x41, 0x00, 0x00, 0x40, 0x40, 0x00, 0x00, 0x98, 0x41, 0x0c, 0x00,
    0x00, 0x00, 0x40, 0x40, 0x00, 0x00, 0xa0, 0x40, 0x0d, 0x00, 0x00, 0x00, 0x40, 0x40, 0xbc, 0x4e,
    0x79, 0x40, 0xbc, 0x4e, 0x79, 0x40, 0x00, 0x00, 0x40, 0x40, 0x00, 0x00, 0xa0, 0x40, 0x00, 0x00,
    0x40, 0x40, 0x0e, 0x00, 0x0b, 0x00, 0x00, 0x00, 0x10, 0x41, 0x00, 0x00, 0x40, 0x40, 0x0c, 0x00,
    0x00, 0x00, 0x10, 0x41, 0x00, 0x00, 0xa8, 0x41, 0x0b, 0x00, 0x00, 0x00, 0x80, 0x41, 0x00, 0x00,
    0x70, 0x41, 0x0c, 0x00, 0x00, 0x00, 0x50, 0x41, 0x00, 0x00, 0x40, 0x41, 0x0c, 0x00, 0x00, 0x00,
    0x80, 0x41, 0x00, 0x00, 0x10, 0x41, 0x10, 0x00, 0x00, 0x00,
    // panel-left-open @ 19250, 234 bytes
    0x01, 0x00, 0x00, 0x00, 0x00, 0x00, 0x00, 0x00, 0x00, 0x00, 0x00, 0x00, 0xc0, 0x41, 0x00, 0x00,
    0xc0, 0x41, 0x02, 0x00, 0x00, 0x00, 0x00, 0x40, 0x0b, 0x00, 0x00, 0x00, 0xa0, 0x40, 0x00, 0x00,
    0x40, 0x40, 0x0c, 0x00, 0x00, 0x00, 0x98, 0x41, 0x00, 0x00, 0x40, 0x40, 0x0d, 0x00, 0x29, 0xd6,
    0xa0, 0x41, 0x00, 0x00, 0x40, 0x40, 0x00, 0x00, 0xa8, 0x41, 0xbc, 0x4e, 0x79, 0x40, 0x00, 0x00,
    0xa8, 0x41, 0x00, 0x00, 0xa0, 0x40, 0x0c, 0x00, 0x00, 0x00, 0xa8, 0x41, 0x00, 0x00, 0x98, 0x41,
    0x0d, 0x00, 0x00, 0x00, 0xa8, 0x41, 0x29, 0xd6, 0xa0, 0x41, 0x29, 0xd6, 0xa0, 0x41, 0x00, 0x00,
    0xa8, 0x41, 0x00, 0x00, 0x98, 0x41, 0x00, 0x00, 0xa8, 0x41, 0x0c, 0x00, 0x00, 0x00, 0xa0, 0x40,
    0x00, 0x00, 0xa8, 0x41, 0x0d, 0x00, 0xbc, 0x4e, 0x79, 0x40, 0x00, 0x00, 0xa8, 0x41, 0x00, 0x00,
    0x40, 0x40, 0x29, 0xd6, 0xa0, 0x41, 0x00, 0x00, 0x40, 0x40, 0x00, 0x00, 0x98, 0x41, 0x0c, 0x00,
    0x00, 0x00, 0x40, 0x40, 0x00, 0x00, 0xa0, 0x40, 0x0d, 0x00, 0x00, 0x00, 0x40, 0x40, 0xbc, 0x4e,
    0x79, 0x40, 0xbc, 0x4e, 0x79, 0x40, 0x00, 0x00, 0x40, 0x40, 0x00, 0x00, 0xa0, 0x40, 0x00, 0x00,
    0x40, 0x40, 0x0e, 0x00, 0x0b, 0x00, 0x00, 0x00, 0x10, 0x41, 0x00, 0x00, 0x40, 0x40, 0x0c, 0x00,
    0x00, 0x00, 0x10, 0x41, 0x00, 0x00, 0xa8, 0x41, 0x0b, 0x00, 0x00, 0x00, 0x60, 0x41, 0x00, 0x00,
    0x10, 0x41, 0x0c, 0x00, 0x00, 0x00, 0x88, 0x41, 0x00, 0x00, 0x40, 0x41, 0x0c, 0x00, 0x00, 0x00,
    0x60, 0x41, 0x00, 0x00, 0x70, 0x41, 0x10, 0x00, 0x00, 0x00,
    // panel-right @ 19484, 204 bytes
    0x01, 0x00, 0x00, 0x00, 0x00, 0x00, 0x00, 0x00, 0x00, 0x00, 0x00, 0x00, 0xc0, 0x41, 0x00, 0x00,
    0xc0, 0x41, 0x02, 0x00, 0x00, 0x00, 0x00, 0x40, 0x0b, 0x00, 0x00, 0x00, 0xa0, 0x40, 0x00, 0x00,
    0x40, 0x40, 0x0c, 0x00, 0x00, 0x00, 0x98, 0x41, 0x00, 0x00, 0x40, 0x40, 0x0d, 0x00, 0x29, 0xd6,
    0xa0, 0x41, 0x00, 0x00, 0x40, 0x40, 0x00, 0x00, 0xa8, 0x41, 0xbc, 0x4e, 0x79, 0x40, 0x00, 0x00,
    0xa8, 0x41, 0x00, 0x00, 0xa0, 0x40, 0x0c, 0x00, 0x00, 0x00, 0xa8, 0x41, 0x00, 0x00, 0x98, 0x41,
    0x0d, 0x00, 0x00, 0x00, 0xa8, 0x41, 0x29, 0xd6, 0xa0, 0x41, 0x29, 0xd6, 0xa0, 0x41, 0x00, 0x00,
    0xa8, 0x41, 0x00, 0x00, 0x98, 0x41, 0x00, 0x00, 0xa8, 0x41, 0x0c, 0x00, 0x00, 0x00, 0xa0, 0x40,
    0x00, 0x00, 0xa8, 0x41, 0x0d, 0x00, 0xbc, 0x4e, 0x79, 0x40, 0x00, 0x00, 0xa8, 0x41, 0x00, 0x00,
    0x40, 0x40, 0x29, 0xd6, 0xa0, 0x41, 0x00, 0x00, 0x40, 0x40, 0x00, 0x00, 0x98, 0x41, 0x0c, 0x00,
    0x00, 0x00, 0x40, 0x40, 0x00, 0x00, 0xa0, 0x40, 0x0d, 0x00, 0x00, 0x00, 0x40, 0x40, 0xbc, 0x4e,
    0x79, 0x40, 0xbc, 0x4e, 0x79, 0x40, 0x00, 0x00, 0x40, 0x40, 0x00, 0x00, 0xa0, 0x40, 0x00, 0x00,
    0x40, 0x40, 0x0e, 0x00, 0x0b, 0x00, 0x00, 0x00, 0x70, 0x41, 0x00, 0x00, 0x40, 0x40, 0x0c, 0x00,
    0x00, 0x00, 0x70, 0x41, 0x00, 0x00, 0xa8, 0x41, 0x10, 0x00, 0x00, 0x00,
    // panel-right-close @ 19688, 234 bytes
    0x01, 0x00, 0x00, 0x00, 0x00, 0x00, 0x00, 0x00, 0x00, 0x00, 0x00, 0x00, 0xc0, 0x41, 0x00, 0x00,
    0xc0, 0x41, 0x02, 0x00, 0x00, 0x00, 0x00, 0x40, 0x0b, 0x00, 0x00, 0x00, 0xa0, 0x40, 0x00, 0x00,
    0x40, 0x40, 0x0c, 0x00, 0x00, 0x00, 0x98, 0x41, 0x00, 0x00, 0x40, 0x40, 0x0d, 0x00, 0x29, 0xd6,
    0xa0, 0x41, 0x00, 0x00, 0x40, 0x40, 0x00, 0x00, 0xa8, 0x41, 0xbc, 0x4e, 0x79, 0x40, 0x00, 0x00,
    0xa8, 0x41, 0x00, 0x00, 0xa0, 0x40, 0x0c, 0x00, 0x00, 0x00, 0xa8, 0x41, 0x00, 0x00, 0x98, 0x41,
    0x0d, 0x00, 0x00, 0x00, 0xa8, 0x41, 0x29, 0xd6, 0xa0, 0x41, 0x29, 0xd6, 0xa0, 0x41, 0x00, 0x00,
    0xa8, 0x41, 0x00, 0x00, 0x98, 0x41, 0x00, 0x00, 0xa8, 0x41, 0x0c, 0x00, 0x00, 0x00, 0xa0, 0x40,
    0x00, 0x00, 0xa8, 0x41, 0x0d, 0x00, 0xbc, 0x4e, 0x79, 0x40, 0x00, 0x00, 0xa8, 0x41, 0x00, 0x00,
    0x40, 0x40, 0x29, 0xd6, 0xa0, 0x41, 0x00, 0x00, 0x40, 0x40, 0x00, 0x00, 0x98, 0x41, 0x0c, 0x00,
    0x00, 0x00, 0x40, 0x40, 0x00, 0x00, 0xa0, 0x40, 0x0d, 0x00, 0x00, 0x00, 0x40, 0x40, 0xbc, 0x4e,
    0x79, 0x40, 0xbc, 0x4e, 0x79, 0x40, 0x00, 0x00, 0x40, 0x40, 0x00, 0x00, 0xa0, 0x40, 0x00, 0x00,
    0x40, 0x40, 0x0e, 0x00, 0x0b, 0x00, 0x00, 0x00, 0x70, 0x41, 0x00, 0x00, 0x40, 0x40, 0x0c, 0x00,
    0x00, 0x00, 0x70, 0x41, 0x00, 0x00, 0xa8, 0x41, 0x0b, 0x00, 0x00, 0x00, 0x00, 0x41, 0x00, 0x00,
    0x10, 0x41, 0x0c, 0x00, 0x00, 0x00, 0x30, 0x41, 0x00, 0x00, 0x40, 0x41, 0x0c, 0x00, 0x00, 0x00,
    0x00, 0x41, 0x00, 0x00, 0x70, 0x41, 0x10, 0x00, 0x00, 0x00,
    // panel-right-open @ 19922, 234 bytes
    0x01, 0x00, 0x00, 0x00, 0x00, 0x00, 0x00, 0x00, 0x00, 0x00, 0x00, 0x00, 0xc0, 0x41, 0x00, 0x00,
    0xc0, 0x41, 0x02, 0x00, 0x00, 0x00, 0x00, 0x40, 0x0b, 0x00, 0x00, 0x00, 0xa0, 0x40, 0x00, 0x00,
    0x40, 0x40, 0x0c, 0x00, 0x00, 0x00, 0x98, 0x41, 0x00, 0x00, 0x40, 0x40, 0x0d, 0x00, 0x29, 0xd6,
    0xa0, 0x41, 0x00, 0x00, 0x40, 0x40, 0x00, 0x00, 0xa8, 0x41, 0xbc, 0x4e, 0x79, 0x40, 0x00, 0x00,
    0xa8, 0x41, 0x00, 0x00, 0xa0, 0x40, 0x0c, 0x00, 0x00, 0x00, 0xa8, 0x41, 0x00, 0x00, 0x98, 0x41,
    0x0d, 0x00, 0x00, 0x00, 0xa8, 0x41, 0x29, 0xd6, 0xa0, 0x41, 0x29, 0xd6, 0xa0, 0x41, 0x00, 0x00,
    0xa8, 0x41, 0x00, 0x00, 0x98, 0x41, 0x00, 0x00, 0xa8, 0x41, 0x0c, 0x00, 0x00, 0x00, 0xa0, 0x40,
    0x00, 0x00, 0xa8, 0x41, 0x0d, 0x00, 0xbc, 0x4e, 0x79, 0x40, 0x00, 0x00, 0xa8, 0x41, 0x00, 0x00,
    0x40, 0x40, 0x29, 0xd6, 0xa0, 0x41, 0x00, 0x00, 0x40, 0x40, 0x00, 0x00, 0x98, 0x41, 0x0c, 0x00,
    0x00, 0x00, 0x40, 0x40, 0x00, 0x00, 0xa0, 0x40, 0x0d, 0x00, 0x00, 0x00, 0x40, 0x40, 0xbc, 0x4e,
    0x79, 0x40, 0xbc, 0x4e, 0x79, 0x40, 0x00, 0x00, 0x40, 0x40, 0x00, 0x00, 0xa0, 0x40, 0x00, 0x00,
    0x40, 0x40, 0x0e, 0x00, 0x0b, 0x00, 0x00, 0x00, 0x70, 0x41, 0x00, 0x00, 0x40, 0x40, 0x0c, 0x00,
    0x00, 0x00, 0x70, 0x41, 0x00, 0x00, 0xa8, 0x41, 0x0b, 0x00, 0x00, 0x00, 0x20, 0x41, 0x00, 0x00,
    0x70, 0x41, 0x0c, 0x00, 0x00, 0x00, 0xe0, 0x40, 0x00, 0x00, 0x40, 0x41, 0x0c, 0x00, 0x00, 0x00,
    0x20, 0x41, 0x00, 0x00, 0x10, 0x41, 0x10, 0x00, 0x00, 0x00,
    // pause @ 20156, 340 bytes
    0x01, 0x00, 0x00, 0x00, 0x00, 0x00, 0x00, 0x00, 0x00, 0x00, 0x00, 0x00, 0xc0, 0x41, 0x00, 0x00,
    0xc0, 0x41, 0x02, 0x00, 0x00, 0x00, 0x00, 0x40, 0x0b, 0x00, 0x00, 0x00, 0x70, 0x41, 0x00, 0x00,
    0x40, 0x40, 0x0c, 0x00, 0x00, 0x00, 0x90, 0x41, 0x00, 0x00, 0x40, 0x40, 0x0d, 0x00, 0x14, 0x6b,
    0x94, 0x41, 0x00, 0x00, 0x40, 0x40, 0x00, 0x00, 0x98, 0x41, 0x5e, 0xa7, 0x5c, 0x40, 0x00, 0x00,
    0x98, 0x41, 0x00, 0x00, 0x80, 0x40, 0x0c, 0x00, 0x00, 0x00, 0x98, 0x41, 0x00, 0x00, 0xa0, 0x41,
    0x0d, 0x00, 0x00, 0x00, 0x98, 0x41, 0x14, 0x6b, 0xa4, 0x41, 0x14, 0x6b, 0x94, 0x41, 0x00, 0x00,
    0xa8, 0x41, 0x00, 0x00, 0x90, 0x41, 0x00, 0x00, 0xa8, 0x41, 0x0c, 0x00, 0x00, 0x00, 0x70, 0x41,
    0x00, 0x00, 0xa8, 0x41, 0x0d, 0x00, 0xd7, 0x29, 0x67, 0x41, 0x00, 0x00, 0xa8, 0x41, 0x00, 0x00,
    0x60, 0x41, 0x14, 0x6b, 0xa4, 0x41, 0x00, 0x00, 0x60, 0x41, 0x00, 0x00, 0xa0, 0x41, 0x0c, 0x00,
    0x00, 0x00, 0x60, 0x41, 0x00, 0x00, 0x80, 0x40, 0x0d, 0x00, 0x00, 0x00, 0x60, 0x41, 0x5e, 0xa7,
    0x5c, 0x40, 0xd7, 0x29, 0x67, 0x41, 0x00, 0x00, 0x40, 0x40, 0x00, 0x00, 0x70, 0x41, 0x00, 0x00,
    0x40, 0x40, 0x0e, 0x00, 0x0b, 0x00, 0x00, 0x00, 0xc0, 0x40, 0x00, 0x00, 0x40, 0x40, 0x0c, 0x00,
    0x00, 0x00, 0x10, 0x41, 0x00, 0x00, 0x40, 0x40, 0x0d, 0x00, 0x29, 0xd6, 0x18, 0x41, 0x00, 0x00,
    0x40, 0x40, 0x00, 0x00, 0x20, 0x41, 0x5e, 0xa7, 0x5c, 0x40, 0x00, 0x00, 0x20, 0x41, 0x00, 0x00,
    0x80, 0x40, 0x0c, 0x00, 0x00, 0x00, 0x20, 0x41, 0x00, 0x00, 0xa0, 0x41, 0x0d, 0x00, 0x00, 0x00,
    0x20, 0x41, 0x14, 0x6b, 0xa4, 0x41, 0x29, 0xd6, 0x18, 0x41, 0x00, 0x00, 0xa8, 0x41, 0x00, 0x00,
    0x10, 0x41, 0x00, 0x00, 0xa8, 0x41, 0x0c, 0x00, 0x00, 0x00, 0xc0, 0x40, 0x00, 0x00, 0xa8, 0x41,
    0x0d, 0x00, 0xaf, 0x53, 0xae, 0x40, 0x00, 0x00, 0xa8, 0x41, 0x00, 0x00, 0xa0, 0x40, 0x14, 0x6b,
    0xa4, 0x41, 0x00, 0x00, 0xa0, 0x40, 0x00, 0x00, 0xa0, 0x41, 0x0c, 0x00, 0x00, 0x00, 0xa0, 0x40,
    0x00, 0x00, 0x80, 0x40, 0x0d, 0x00, 0x00, 0x00, 0xa0, 0x40, 0x5e, 0xa7, 0x5c, 0x40, 0xaf, 0x53,
    0xae, 0x40, 0x00, 0x00, 0x40, 0x40, 0x00, 0x00, 0xc0, 0x40, 0x00, 0x00, 0x40, 0x40, 0x0e, 0x00,
    0x10, 0x00, 0x00, 0x00,
    // play @ 20496, 216 bytes
    0x01, 0x00, 0x00, 0x00, 0x00, 0x00, 0x00, 0x00, 0x00, 0x00, 0x00, 0x00, 0xc0, 0x41, 0x00, 0x00,
    0xc0, 0x41, 0x02, 0x00, 0x00, 0x00, 0x00, 0x40, 0x0b, 0x00, 0x00, 0x00, 0xa0, 0x40, 0x00, 0x00,
    0xa0, 0x40, 0x0d, 0x00, 0x43, 0xfe, 0x9f, 0x40, 0x82, 0x1b, 0x89, 0x40, 0x10, 0x45, 0xac, 0x40,
    0x7b, 0xc7, 0x67, 0x40, 0xba, 0x1e, 0xc0, 0x40, 0xf9, 0xf8, 0x50, 0x40, 0x0d, 0x00, 0x64, 0xf8,
    0xd3, 0x40, 0x77, 0x2a, 0x3a, 0x40, 0xcf, 0x7b, 0xec, 0x40, 0x13, 0x55, 0x3a, 0x40, 0xc5, 0x20,
    0x00, 0x41, 0x73, 0x68, 0x51, 0x40, 0x0c, 0x00, 0x3d, 0x0a, 0xa0, 0x41, 0xec, 0x51, 0x24, 0x41,
    0x0d, 0x00, 0x8e, 0xf6, 0xa4, 0x41, 0x86, 0x08, 0x2a, 0x41, 0x44, 0x01, 0xa8, 0x41, 0x22, 0x96,
    0x34, 0x41, 0x88, 0x02, 0xa8, 0x41, 0x5f, 0xf8, 0x3f, 0x41, 0x0d, 0x00, 0xcb, 0x03, 0xa8, 0x41,
    0x9b, 0x5a, 0x4b, 0x41, 0x6e, 0xfb, 0xa4, 0x41, 0xea, 0xea, 0x55, 0x41, 0x62, 0x10, 0xa0, 0x41,
    0xe3, 0xa5, 0x5b, 0x41, 0x0c, 0x00, 0xc5, 0x20, 0x00, 0x41, 0xf2, 0xd2, 0xa5, 0x41, 0x0d, 0x00,
    0xcf, 0x7b, 0xec, 0x40, 0x5e, 0xb5, 0xa8, 0x41, 0x64, 0xf8, 0xd3, 0x40, 0xb1, 0xba, 0xa8, 0x41,
    0xba, 0x1e, 0xc0, 0x40, 0xe1, 0xe0, 0xa5, 0x41, 0x0d, 0x00, 0x10, 0x45, 0xac, 0x40, 0x11, 0x07,
    0xa3, 0x41, 0x43, 0xfe, 0x9f, 0x40, 0x1f, 0xb9, 0x9d, 0x41, 0x00, 0x00, 0xa0, 0x40, 0x00, 0x00,
    0x98, 0x41, 0x0e, 0x00, 0x10, 0x00, 0x00, 0x00,
    // plus @ 20712, 68 bytes
    0x01, 0x00, 0x00, 0x00, 0x00, 0x00, 0x00, 0x00, 0x00, 0x00, 0x00, 0x00, 0xc0, 0x41, 0x00, 0x00,
    0xc0, 0x41, 0x02, 0x00, 0x00, 0x00, 0x00, 0x40, 0x0b, 0x00, 0x00, 0x00, 0xa0, 0x40, 0x00, 0x00,
    0x40, 0x41, 0x0c, 0x00, 0x00, 0x00, 0x98, 0x41, 0x00, 0x00, 0x40, 0x41, 0x0b, 0x00, 0x00, 0x00,
    0x40, 0x41, 0x00, 0x00, 0xa0, 0x40, 0x0c, 0x00, 0x00, 0x00, 0x40, 0x41, 0x00, 0x00, 0x98, 0x41,
    0x10, 0x00, 0x00, 0x00,
    // redo @ 20780, 130 bytes
    0x01, 0x00, 0x00, 0x00, 0x00, 0x00, 0x00, 0x00, 0x00, 0x00, 0x00, 0x00, 0xc0, 0x41, 0x00, 0x00,
    0xc0, 0x41, 0x02, 0x00, 0x00, 0x00, 0x00, 0x40, 0x0b, 0x00, 0x00, 0x00, 0xa8, 0x41, 0x00, 0x00,
    0xe0, 0x40, 0x0c, 0x00, 0x00, 0x00, 0xa8, 0x41, 0x00, 0x00, 0x50, 0x41, 0x0c, 0x00, 0x00, 0x00,
    0x70, 0x41, 0x00, 0x00, 0x50, 0x41, 0x0b, 0x00, 0x00, 0x00, 0x40, 0x40, 0x00, 0x00, 0x88, 0x41,
    0x0d, 0x00, 0x00, 0x00, 0x40, 0x40, 0x02, 0x01, 0x41, 0x41, 0x04, 0x02, 0xe2, 0x40, 0x00, 0x00,
    0x00, 0x41, 0x00, 0x00, 0x40, 0x41, 0x00, 0x00, 0x00, 0x41, 0x0d, 0x00, 0x8d, 0x6d, 0x63, 0x41,
    0x3c, 0x09, 0x00, 0x41, 0x1d, 0xd0, 0x82, 0x41, 0x31, 0x25, 0x0d, 0x41, 0x00, 0x00, 0x90, 0x41,
    0xcd, 0xcc, 0x24, 0x41, 0x0c, 0x00, 0x00, 0x00, 0xa8, 0x41, 0x00, 0x00, 0x50, 0x41, 0x10, 0x00,
    0x00, 0x00,
    // redo-2 @ 20910, 140 bytes
    0x01, 0x00, 0x00, 0x00, 0x00, 0x00, 0x00, 0x00, 0x00, 0x00, 0x00, 0x00, 0xc0, 0x41, 0x00, 0x00,
    0xc0, 0x41, 0x02, 0x00, 0x00, 0x00, 0x00, 0x40, 0x0b, 0x00, 0x00, 0x00, 0x70, 0x41, 0x00, 0x00,
    0x60, 0x41, 0x0c, 0x00, 0x00, 0x00, 0xa0, 0x41, 0x00, 0x00, 0x10, 0x41, 0x0c, 0x00, 0x00, 0x00,
    0x70, 0x41, 0x00, 0x00, 0x80, 0x40, 0x0b, 0x00, 0x00, 0x00, 0xa0, 0x41, 0x00, 0x00, 0x10, 0x41,
    0x0c, 0x00, 0x00, 0x00, 0x18, 0x41, 0x00, 0x00, 0x10, 0x41, 0x0d, 0x00, 0x02, 0x73, 0xcf, 0x40,
    0x00, 0x00, 0x10, 0x41, 0x00, 0x00, 0x80, 0x40, 0x81, 0xb9, 0x37, 0x41, 0x00, 0x00, 0x80, 0x40,
    0x00, 0x00, 0x68, 0x41, 0x0d, 0x00, 0x00, 0x00, 0x80, 0x40, 0x3f, 0x23, 0x8c, 0x41, 0x02, 0x73,
    0xcf, 0x40, 0x00, 0x00, 0xa0, 0x41, 0x00, 0x00, 0x18, 0x41, 0x00, 0x00, 0xa0, 0x41, 0x0c, 0x00,
    0x00, 0x00, 0x50, 0x41, 0x00, 0x00, 0xa0, 0x41, 0x10, 0x00, 0x00, 0x00,
    // refresh-cw @ 21050, 232 bytes
    0x01, 0x00, 0x00, 0x00, 0x00, 0x00, 0x00, 0x00, 0x00, 0x00, 0x00, 0x00, 0xc0, 0x41, 0x00, 0x00,
    0xc0, 0x41, 0x02, 0x00, 0x00, 0x00, 0x00, 0x40, 0x0b, 0x00, 0x00, 0x00, 0x40, 0x40, 0x00, 0x00,
    0x40, 0x41, 0x0d, 0x00, 0x00, 0x00, 0x40, 0x40, 0x04, 0x02, 0xe2, 0x40, 0x04, 0x02, 0xe2, 0x40,
    0x00, 0x00, 0x40, 0x40, 0x00, 0x00, 0x40, 0x41, 0x00, 0x00, 0x40, 0x40, 0x0d, 0x00, 0x30, 0x3e,
    0x68, 0x41, 0x06, 0x9b, 0x40, 0x40, 0x07, 0x74, 0x87, 0x41, 0x12, 0x7a, 0x7f, 0x40, 0x85, 0xeb,
    0x95, 0x41, 0x14, 0xae, 0xb7, 0x40, 0x0c, 0x00, 0x00, 0x00, 0xa8, 0x41, 0x00, 0x00, 0x00, 0x41,
    0x0b, 0x00, 0x00, 0x00, 0xa8, 0x41, 0x00, 0x00, 0x40, 0x40, 0x0c, 0x00, 0x00, 0x00, 0xa8, 0x41,
    0x00, 0x00, 0x00, 0x41, 0x0c, 0x00, 0x00, 0x00, 0x80, 0x41, 0x00, 0x00, 0x00, 0x41, 0x0b, 0x00,
    0x00, 0x00, 0xa8, 0x41, 0x00, 0x00, 0x40, 0x41, 0x0d, 0x00, 0x00, 0x00, 0xa8, 0x41, 0x7f, 0x7f,
    0x87, 0x41, 0x7f, 0x7f, 0x87, 0x41, 0x00, 0x00, 0xa8, 0x41, 0x00, 0x00, 0x40, 0x41, 0x00, 0x00,
    0xa8, 0x41, 0x0d, 0x00, 0xd0, 0xc1, 0x17, 0x41, 0x9f, 0xec, 0xa7, 0x41, 0xe5, 0x2f, 0xe2, 0x40,
    0xbe, 0x10, 0xa0, 0x41, 0xec, 0x51, 0xa8, 0x40, 0x7b, 0x14, 0x92, 0x41, 0x0c, 0x00, 0x00, 0x00,
    0x40, 0x40, 0x00, 0x00, 0x80, 0x41, 0x0b, 0x00, 0x00, 0x00, 0x00, 0x41, 0x00, 0x00, 0x80, 0x41,
    0x0c, 0x00, 0x00, 0x00, 0x40, 0x40, 0x00, 0x00, 0x80, 0x41, 0x0c, 0x00, 0x00, 0x00, 0x40, 0x40,
    0x00, 0x00, 0xa8, 0x41, 0x10, 0x00, 0x00, 0x00,
    // replace @ 21282, 414 bytes
    0x01, 0x00, 0x00, 0x00, 0x00, 0x00, 0x00, 0x00, 0x00, 0x00, 0x00, 0x00, 0xc0, 0x41, 0x00, 0x00,
    0xc0, 0x41, 0x02, 0x00, 0x00, 0x00, 0x00, 0x40, 0x0b, 0x00, 0x00, 0x00, 0x60, 0x41, 0x00, 0x00,
    0x80, 0x40, 0x0d, 0x00, 0x00, 0x00, 0x60, 0x41, 0x01, 0xe4, 0x5c, 0x40, 0x00, 0x39, 0x67, 0x41,
    0x00, 0x00, 0x40, 0x40, 0x00, 0x00, 0x70, 0x41, 0x00, 0x00, 0x40, 0x40, 0x0b, 0x00, 0x00, 0x00,
    0x70, 0x41, 0x00, 0x00, 0x20, 0x41, 0x0d, 0x00, 0x00, 0x39, 0x67, 0x41, 0x00, 0x00, 0x20, 0x41,
    0x00, 0x00, 0x60, 0x41, 0x00, 0xc7, 0x18, 0x41, 0x00, 0x00, 0x60, 0x41, 0x00, 0x00, 0x10, 0x41,
    0x0b, 0x00, 0x00, 0x00, 0xa8, 0x41, 0x00, 0x00, 0x80, 0x40, 0x0d, 0x00, 0x00, 0x00, 0xa8, 0x41,
    0x01, 0xe4, 0x5c, 0x40, 0x80, 0x63, 0xa4, 0x41, 0x00, 0x00, 0x40, 0x40, 0x00, 0x00, 0xa0, 0x41,
    0x00, 0x00, 0x40, 0x40, 0x0b, 0x00, 0x00, 0x00, 0xa8, 0x41, 0x00, 0x00, 0x10, 0x41, 0x0d, 0x00,
    0x00, 0x00, 0xa8, 0x41, 0x00, 0xc7, 0x18, 0x41, 0x80, 0x63, 0xa4, 0x41, 0x00, 0x00, 0x20, 0x41,
    0x00, 0x00, 0xa0, 0x41, 0x00, 0x00, 0x20, 0x41, 0x0b, 0x00, 0x00, 0x00, 0x40, 0x40, 0x00, 0x00,
    0xe0, 0x40, 0x0c, 0x00, 0x00, 0x00, 0xc0, 0x40, 0x00, 0x00, 0x20, 0x41, 0x0c, 0x00, 0x00, 0x00,
    0x10, 0x41, 0x00, 0x00, 0xe0, 0x40, 0x0b, 0x00, 0x00, 0x00, 0xc0, 0x40, 0x00, 0x00, 0x20, 0x41,
    0x0c, 0x00, 0x00, 0x00, 0xc0, 0x40, 0x00, 0x00, 0xa0, 0x40, 0x0d, 0x00, 0x00, 0x00, 0xc0, 0x40,
    0x02, 0xc8, 0x79, 0x40, 0x01, 0xe4, 0xdc, 0x40, 0x00, 0x00, 0x40, 0x40, 0x00, 0x00, 0x00, 0x41,
    0x00, 0x00, 0x40, 0x40, 0x0c, 0x00, 0x00, 0x00, 0x20, 0x41, 0x00, 0x00, 0x40, 0x40, 0x0b, 0x00,
    0x00, 0x00, 0x80, 0x40, 0x00, 0x00, 0x60, 0x41, 0x0c, 0x00, 0x00, 0x00, 0x10, 0x41, 0x00, 0x00,
    0x60, 0x41, 0x0d, 0x00, 0x29, 0xd6, 0x18, 0x41, 0x00, 0x00, 0x60, 0x41, 0x00, 0x00, 0x20, 0x41,
    0xd7, 0x29, 0x67, 0x41, 0x00, 0x00, 0x20, 0x41, 0x00, 0x00, 0x70, 0x41, 0x0c, 0x00, 0x00, 0x00,
    0x20, 0x41, 0x00, 0x00, 0xa0, 0x41, 0x0d, 0x00, 0x00, 0x00, 0x20, 0x41, 0x14, 0x6b, 0xa4, 0x41,
    0x29, 0xd6, 0x18, 0x41, 0x00, 0x00, 0xa8, 0x41, 0x00, 0x00, 0x10, 0x41, 0x00, 0x00, 0xa8, 0x41,
    0x0c, 0x00, 0x00, 0x00, 0x80, 0x40, 0x00, 0x00, 0xa8, 0x41, 0x0d, 0x00, 0x5e, 0xa7, 0x5c, 0x40,
    0x00, 0x00, 0xa8, 0x41, 0x00, 0x00, 0x40, 0x40, 0x14, 0x6b, 0xa4, 0x41, 0x00, 0x00, 0x40, 0x40,
    0x00, 0x00, 0xa0, 0x41, 0x0c, 0x00, 0x00, 0x00, 0x40, 0x40, 0x00, 0x00, 0x70, 0x41, 0x0d, 0x00,
    0x00, 0x00, 0x40, 0x40, 0xd7, 0x29, 0x67, 0x41, 0x5e, 0xa7, 0x5c, 0x40, 0x00, 0x00, 0x60, 0x41,
    0x00, 0x00, 0x80, 0x40, 0x00, 0x00, 0x60, 0x41, 0x0e, 0x00, 0x10, 0x00, 0x00, 0x00,
    // resize-corner @ 21696, 88 bytes
    0x01, 0x00, 0x00, 0x00, 0x00, 0x00, 0x00, 0x00, 0x00, 0x00, 0x00, 0x00, 0xc0, 0x41, 0x00, 0x00,
    0xc0, 0x41, 0x02, 0x00, 0x00, 0x00, 0x00, 0x40, 0x0b, 0x00, 0x01, 0x00, 0x80, 0x40, 0x00, 0x00,
    0xa8, 0x41, 0x0c, 0x00, 0x00, 0x00, 0xa8, 0x41, 0x01, 0x00, 0x90, 0x40, 0x0b, 0x00, 0x00, 0x00,
    0x30, 0x41, 0x00, 0x00, 0xb0, 0x41, 0x0c, 0x00, 0xba, 0x3d, 0xad, 0x41, 0x8d, 0x84, 0x2d, 0x41,
    0x0b, 0x00, 0x9f, 0xa0, 0x8a, 0x41, 0x3d, 0x41, 0xb1, 0x41, 0x0c, 0x00, 0x00, 0x00, 0xac, 0x41,
    0x00, 0x00, 0x8c, 0x41, 0x0f, 0x00, 0x00, 0x00,
    // rotate-cw @ 21784, 182 bytes
    0x01, 0x00, 0x00, 0x00, 0x00, 0x00, 0x00, 0x00, 0x00, 0x00, 0x00, 0x00, 0xc0, 0x41, 0x00, 0x00,
    0xc0, 0x41, 0x02, 0x00, 0x00, 0x00, 0x00, 0x40, 0x0b, 0x00, 0x00, 0x00, 0xa8, 0x41, 0x00, 0x00,
    0x40, 0x41, 0x0d, 0x00, 0x00, 0x00, 0xa8, 0x41, 0x7f, 0x7f, 0x87, 0x41, 0x7f, 0x7f, 0x87, 0x41,
    0x00, 0x00, 0xa8, 0x41, 0x00, 0x00, 0x40, 0x41, 0x00, 0x00, 0xa8, 0x41, 0x0d, 0x00, 0x04, 0x02,
    0xe2, 0x40, 0x00, 0x00, 0xa8, 0x41, 0x00, 0x00, 0x40, 0x40, 0x7f, 0x7f, 0x87, 0x41, 0x00, 0x00,
    0x40, 0x40, 0x00, 0x00, 0x40, 0x41, 0x0d, 0x00, 0x00, 0x00, 0x40, 0x40, 0x04, 0x02, 0xe2, 0x40,
    0x04, 0x02, 0xe2, 0x40, 0x00, 0x00, 0x40, 0x40, 0x00, 0x00, 0x40, 0x41, 0x00, 0x00, 0x40, 0x40,
    0x0d, 0x00, 0xec, 0x51, 0x68, 0x41, 0x00, 0x00, 0x40, 0x40, 0xa4, 0x70, 0x87, 0x41, 0x00, 0x00,
    0x80, 0x40, 0x85, 0xeb, 0x95, 0x41, 0x14, 0xae, 0xb7, 0x40, 0x0c, 0x00, 0x00, 0x00, 0xa8, 0x41,
    0x00, 0x00, 0x00, 0x41, 0x0b, 0x00, 0x00, 0x00, 0xa8, 0x41, 0x00, 0x00, 0x40, 0x40, 0x0c, 0x00,
    0x00, 0x00, 0xa8, 0x41, 0x00, 0x00, 0x00, 0x41, 0x0c, 0x00, 0x00, 0x00, 0x80, 0x41, 0x00, 0x00,
    0x00, 0x41, 0x10, 0x00, 0x00, 0x00,
    // save @ 21966, 358 bytes
    0x01, 0x00, 0x00, 0x00, 0x00, 0x00, 0x00, 0x00, 0x00, 0x00, 0x00, 0x00, 0xc0, 0x41, 0x00, 0x00,
    0xc0, 0x41, 0x02, 0x00, 0x00, 0x00, 0x00, 0x40, 0x0b, 0x00, 0x33, 0x33, 0x73, 0x41, 0x00, 0x00,
    0x40, 0x40, 0x0d, 0x00, 0x30, 0xa3, 0x7b, 0x41, 0x11, 0x7b, 0x40, 0x40, 0xd6, 0xd8, 0x81, 0x41,
    0xc2, 0x4a, 0x4e, 0x40, 0xcd, 0xcc, 0x84, 0x41, 0x66, 0x66, 0x66, 0x40, 0x0c, 0x00, 0x33, 0x33,
    0xa3, 0x41, 0xcd, 0xcc, 0xec, 0x40, 0x0d, 0x00, 0xa8, 0x36, 0xa6, 0x41, 0xa6, 0x9c, 0xf8, 0x40,
    0x9e, 0xf0, 0xa7, 0x41, 0xd0, 0x5c, 0x04, 0x41, 0x00, 0x00, 0xa8, 0x41, 0xcd, 0xcc, 0x0c, 0x41,
    0x0c, 0x00, 0x00, 0x00, 0xa8, 0x41, 0x00, 0x00, 0x98, 0x41, 0x0d, 0x00, 0x00, 0x00, 0xa8, 0x41,
    0x00, 0xc7, 0xa0, 0x41, 0x00, 0xc7, 0xa0, 0x41, 0x00, 0x00, 0xa8, 0x41, 0x00, 0x00, 0x98, 0x41,
    0x00, 0x00, 0xa8, 0x41, 0x0c, 0x00, 0x00, 0x00, 0xa0, 0x40, 0x00, 0x00, 0xa8, 0x41, 0x0d, 0x00,
    0x02, 0xc8, 0x79, 0x40, 0x00, 0x00, 0xa8, 0x41, 0x00, 0x00, 0x40, 0x40, 0x00, 0xc7, 0xa0, 0x41,
    0x00, 0x00, 0x40, 0x40, 0x00, 0x00, 0x98, 0x41, 0x0c, 0x00, 0x00, 0x00, 0x40, 0x40, 0x00, 0x00,
    0xa0, 0x40, 0x0d, 0x00, 0x00, 0x00, 0x40, 0x40, 0x02, 0xc8, 0x79, 0x40, 0x02, 0xc8, 0x79, 0x40,
    0x00, 0x00, 0x40, 0x40, 0x00, 0x00, 0xa0, 0x40, 0x00, 0x00, 0x40, 0x40, 0x0e, 0x00, 0x0b, 0x00,
    0x00, 0x00, 0x88, 0x41, 0x00, 0x00, 0xa8, 0x41, 0x0c, 0x00, 0x00, 0x00, 0x88, 0x41, 0x00, 0x00,
    0x60, 0x41, 0x0d, 0x00, 0x00, 0x00, 0x88, 0x41, 0x00, 0x39, 0x57, 0x41, 0x80, 0x63, 0x84, 0x41,
    0x00, 0x00, 0x50, 0x41, 0x00, 0x00, 0x80, 0x41, 0x00, 0x00, 0x50, 0x41, 0x0c, 0x00, 0x00, 0x00,
    0x00, 0x41, 0x00, 0x00, 0x50, 0x41, 0x0d, 0x00, 0x00, 0x72, 0xee, 0x40, 0x00, 0x00, 0x50, 0x41,
    0x00, 0x00, 0xe0, 0x40, 0x00, 0x39, 0x57, 0x41, 0x00, 0x00, 0xe0, 0x40, 0x00, 0x00, 0x60, 0x41,
    0x0c, 0x00, 0x00, 0x00, 0xe0, 0x40, 0x00, 0x00, 0xa8, 0x41, 0x0b, 0x00, 0x00, 0x00, 0xe0, 0x40,
    0x00, 0x00, 0x40, 0x40, 0x0c, 0x00, 0x00, 0x00, 0xe0, 0x40, 0x00, 0x00, 0xe0, 0x40, 0x0d, 0x00,
    0x00, 0x00, 0xe0, 0x40, 0x00, 0x8e, 0xf1, 0x40, 0x00, 0x72, 0xee, 0x40, 0x00, 0x00, 0x00, 0x41,
    0x00, 0x00, 0x00, 0x41, 0x00, 0x00, 0x00, 0x41, 0x0c, 0x00, 0x00, 0x00, 0x70, 0x41, 0x00, 0x00,
    0x00, 0x41, 0x10, 0x00, 0x00, 0x00,
    // search @ 22324, 204 bytes
    0x01, 0x00, 0x00, 0x00, 0x00, 0x00, 0x00, 0x00, 0x00, 0x00, 0x00, 0x00, 0xc0, 0x41, 0x00, 0x00,
    0xc0, 0x41, 0x02, 0x00, 0x00, 0x00, 0x00, 0x40, 0x0b, 0x00, 0x00, 0x00, 0xa8, 0x41, 0x00, 0x00,
    0xa8, 0x41, 0x0c, 0x00, 0xae, 0x47, 0x85, 0x41, 0xae, 0x47, 0x85, 0x41, 0x0b, 0x00, 0x00, 0x00,
    0x30, 0x41, 0x00, 0x00, 0x40, 0x40, 0x0c, 0x00, 0x00, 0x00, 0x30, 0x41, 0x00, 0x00, 0x40, 0x40,
    0x0d, 0x00, 0x44, 0xb1, 0x76, 0x41, 0x00, 0x00, 0x40, 0x40, 0x00, 0x00, 0x98, 0x41, 0x77, 0x9d,
    0xd2, 0x40, 0x00, 0x00, 0x98, 0x41, 0x00, 0x00, 0x30, 0x41, 0x0c, 0x00, 0x00, 0x00, 0x98, 0x41,
    0x00, 0x00, 0x30, 0x41, 0x0d, 0x00, 0x00, 0x00, 0x98, 0x41, 0x44, 0xb1, 0x76, 0x41, 0x44, 0xb1,
    0x76, 0x41, 0x00, 0x00, 0x98, 0x41, 0x00, 0x00, 0x30, 0x41, 0x00, 0x00, 0x98, 0x41, 0x0c, 0x00,
    0x00, 0x00, 0x30, 0x41, 0x00, 0x00, 0x98, 0x41, 0x0d, 0x00, 0x77, 0x9d, 0xd2, 0x40, 0x00, 0x00,
    0x98, 0x41, 0x00, 0x00, 0x40, 0x40, 0x44, 0xb1, 0x76, 0x41, 0x00, 0x00, 0x40, 0x40, 0x00, 0x00,
    0x30, 0x41, 0x0c, 0x00, 0x00, 0x00, 0x40, 0x40, 0x00, 0x00, 0x30, 0x41, 0x0d, 0x00, 0x00, 0x00,
    0x40, 0x40, 0x77, 0x9d, 0xd2, 0x40, 0x77, 0x9d, 0xd2, 0x40, 0x00, 0x00, 0x40, 0x40, 0x00, 0x00,
    0x30, 0x41, 0x00, 0x00, 0x40, 0x40, 0x0e, 0x00, 0x10, 0x00, 0x00, 0x00,
    // settings @ 22528, 818 bytes
    0x01, 0x00, 0x00, 0x00, 0x00, 0x00, 0x00, 0x00, 0x00, 0x00, 0x00, 0x00, 0xc0, 0x41, 0x00, 0x00,
    0xc0, 0x41, 0x02, 0x00, 0x00, 0x00, 0x00, 0x40, 0x0b, 0x00, 0x6a, 0xbc, 0x1a, 0x41, 0x1d, 0x5a,
    0x84, 0x40, 0x0d, 0x00, 0xa9, 0x8d, 0x1c, 0x41, 0xfa, 0x39, 0x3c, 0x40, 0x6d, 0xcd, 0x2c, 0x41,
    0x85, 0x1d, 0x01, 0x40, 0x0c, 0x02, 0x40, 0x41, 0x85, 0x1d, 0x01, 0x40, 0x0d, 0x00, 0xac, 0x36,
    0x53, 0x41, 0x85, 0x1d, 0x01, 0x40, 0x70, 0x76, 0x63, 0x41, 0xfa, 0x39, 0x3c, 0x40, 0xae, 0x47,
    0x65, 0x41, 0x1d, 0x5a, 0x84, 0x40, 0x0d, 0x00, 0xbb, 0x5a, 0x66, 0x41, 0x27, 0xa6, 0x9c, 0x40,
    0xbb, 0x4c, 0x6d, 0x41, 0x70, 0x6c, 0xb2, 0x40, 0x09, 0xdd, 0x77, 0x41, 0x19, 0x9d, 0xbe, 0x40,
    0x0d, 0x00, 0xab, 0x36, 0x81, 0x41, 0xc3, 0xcd, 0xca, 0x40, 0x13, 0xaa, 0x87, 0x41, 0x8b, 0xee,
    0xcb, 0x40, 0x27, 0x31, 0x8d, 0x41, 0xcb, 0xa1, 0xc1, 0x40, 0x0d, 0x00, 0xc9, 0xea, 0x95, 0x41,
    0x6c, 0xc9, 0xb1, 0x40, 0xbc, 0x58, 0xa0, 0x41, 0xbb, 0x2a, 0xbf, 0x40, 0xe0, 0x23, 0xa5, 0x41,
    0xf8, 0x5a, 0xe0, 0x40, 0x0d, 0x00, 0x04, 0xef, 0xa9, 0x41, 0x9a, 0xc5, 0x00, 0x41, 0x38, 0x9f,
    0xa7, 0x41, 0x19, 0x2f, 0x16, 0x41, 0xfe, 0xd4, 0x9f, 0x41, 0x10, 0x58, 0x21, 0x41, 0x0d, 0x00,
    0x8a, 0xd7, 0x9a, 0x41, 0xc3, 0x58, 0x28, 0x41, 0x47, 0xdd, 0x97, 0x41, 0xd8, 0xcc, 0x33, 0x41,
    0x47, 0xdd, 0x97, 0x41, 0xf4, 0xfd, 0x3f, 0x41, 0x0d, 0x00, 0x47, 0xdd, 0x97, 0x41, 0x0f, 0x2f,
    0x4c, 0x41, 0x8a, 0xd7, 0x9a, 0x41, 0x24, 0xa3, 0x57, 0x41, 0xfe, 0xd4, 0x9f, 0x41, 0xd7, 0xa3,
    0x5e, 0x41, 0x0d, 0x00, 0x38, 0x9f, 0xa7, 0x41, 0xcf, 0xcc, 0x69, 0x41, 0x04, 0xef, 0xa9, 0x41,
    0x4d, 0x36, 0x7f, 0x41, 0xe0, 0x23, 0xa5, 0x41, 0x36, 0xe7, 0x87, 0x41, 0x0d, 0x00, 0xbc, 0x58,
    0xa0, 0x41, 0x45, 0x33, 0x90, 0x41, 0xc9, 0xea, 0x95, 0x41, 0x99, 0x8b, 0x93, 0x41, 0x27, 0x31,
    0x8d, 0x41, 0x81, 0x95, 0x8f, 0x41, 0x0d, 0x00, 0x13, 0xaa, 0x87, 0x41, 0x51, 0x02, 0x8d, 0x41,
    0xab, 0x36, 0x81, 0x41, 0x83, 0x4a, 0x8d, 0x41, 0x09, 0xdd, 0x77, 0x41, 0xad, 0x56, 0x90, 0x41,
    0x0d, 0x00, 0xbb, 0x4c, 0x6d, 0x41, 0xd8, 0x62, 0x93, 0x41, 0xbb, 0x5a, 0x66, 0x41, 0x6a, 0xd4,
    0x98, 0x41, 0xae, 0x47, 0x65, 0x41, 0x6d, 0xe7, 0x9e, 0x41, 0x0d, 0x00, 0x70, 0x76, 0x63, 0x41,
    0xb5, 0x76, 0xa8, 0x41, 0xac, 0x36, 0x53, 0x41, 0x43, 0xda, 0xaf, 0x41, 0x0c, 0x02, 0x40, 0x41,
    0x43, 0xda, 0xaf, 0x41, 0x0d, 0x00, 0x6d, 0xcd, 0x2c, 0x41, 0x43, 0xda, 0xaf, 0x41, 0xa9, 0x8d,
    0x1c, 0x41, 0xb5, 0x76, 0xa8, 0x41, 0x6a, 0xbc, 0x1a, 0x41, 0x6d, 0xe7, 0x9e, 0x41, 0x0d, 0x00,
    0xde, 0xa9, 0x19, 0x41, 0xd8, 0xd3, 0x98, 0x41, 0x44, 0xb7, 0x12, 0x41, 0xb6, 0x61, 0x93, 0x41,
    0xd1, 0x25, 0x08, 0x41, 0x73, 0x55, 0x90, 0x41, 0x0d, 0x00, 0xbe, 0x28, 0xfb, 0x40, 0x30, 0x49,
    0x8d, 0x41, 0x7a, 0x58, 0xe1, 0x40, 0x72, 0x01, 0x8d, 0x41, 0x64, 0x3b, 0xcb, 0x40, 0x81, 0x95,
    0x8f, 0x41, 0x0d, 0x00, 0xdc, 0x54, 0xa8, 0x40, 0x99, 0x8b, 0x93, 0x41, 0x22, 0x3a, 0x7d, 0x40,
    0x45, 0x33, 0x90, 0x41, 0x02, 0xe1, 0x56, 0x40, 0x36, 0xe7, 0x87, 0x41, 0x0d, 0x00, 0xe2, 0x87,
    0x30, 0x40, 0x4d, 0x36, 0x7f, 0x41, 0x43, 0x06, 0x43, 0x40, 0xcf, 0xcc, 0x69, 0x41, 0x08, 0xac,
    0x80, 0x40, 0xd7, 0xa3, 0x5e, 0x41, 0x0d, 0x00, 0xd9, 0xa1, 0x94, 0x40, 0x24, 0xa3, 0x57, 0x41,
    0xe3, 0x8a, 0xa0, 0x40, 0x0f, 0x2f, 0x4c, 0x41, 0xe3, 0x8a, 0xa0, 0x40, 0xf4, 0xfd, 0x3f, 0x41,
    0x0d, 0x00, 0xe3, 0x8a, 0xa0, 0x40, 0xd8, 0xcc, 0x33, 0x41, 0xd9, 0xa1, 0x94, 0x40, 0xc3, 0x58,
    0x28, 0x41, 0x08, 0xac, 0x80, 0x40, 0x10, 0x58, 0x21, 0x41, 0x0d, 0x00, 0x45, 0x1d, 0x43, 0x40,
    0xc4, 0x2d, 0x16, 0x41, 0x6f, 0xab, 0x30, 0x40, 0x45, 0xc9, 0x00, 0x41, 0x99, 0xf9, 0x56, 0x40,
    0x25, 0x68, 0xe0, 0x40, 0x0d, 0x00, 0xc3, 0x47, 0x7d, 0x40, 0xc1, 0x3d, 0xbf, 0x40, 0x9c, 0x4e,
    0xa8, 0x40, 0x0a, 0xd8, 0xb1, 0x40, 0x33, 0x33, 0xcb, 0x40, 0xcb, 0xa1, 0xc1, 0x40, 0x0d, 0x00,
    0x82, 0x4f, 0xe1, 0x40, 0x8b, 0xee, 0xcb, 0x40, 0x23, 0x1d, 0xfb, 0x40, 0xc3, 0xcd, 0xca, 0x40,
    0xdf, 0x1e, 0x08, 0x41, 0x19, 0x9d, 0xbe, 0x40, 0x0d, 0x00, 0x2c, 0xaf, 0x12, 0x41, 0x70, 0x6c,
    0xb2, 0x40, 0x2c, 0xa1, 0x19, 0x41, 0x27, 0xa6, 0x9c, 0x40, 0x39, 0xb4, 0x1a, 0x41, 0x1d, 0x5a,
    0x84, 0x40, 0x0b, 0x00, 0x00, 0x00, 0x40, 0x41, 0x00, 0x00, 0x10, 0x41, 0x0c, 0x00, 0x00, 0x00,
    0x40, 0x41, 0x00, 0x00, 0x10, 0x41, 0x0d, 0x00, 0x7a, 0x82, 0x5a, 0x41, 0x00, 0x00, 0x10, 0x41,
    0x00, 0x00, 0x70, 0x41, 0x86, 0x7d, 0x25, 0x41, 0x00, 0x00, 0x70, 0x41, 0x00, 0x00, 0x40, 0x41,
    0x0c, 0x00, 0x00, 0x00, 0x70, 0x41, 0x00, 0x00, 0x40, 0x41, 0x0d, 0x00, 0x00, 0x00, 0x70, 0x41,
    0x7a, 0x82, 0x5a, 0x41, 0x7a, 0x82, 0x5a, 0x41, 0x00, 0x00, 0x70, 0x41, 0x00, 0x00, 0x40, 0x41,
    0x00, 0x00, 0x70, 0x41, 0x0c, 0x00, 0x00, 0x00, 0x40, 0x41, 0x00, 0x00, 0x70, 0x41, 0x0d, 0x00,
    0x86, 0x7d, 0x25, 0x41, 0x00, 0x00, 0x70, 0x41, 0x00, 0x00, 0x10, 0x41, 0x7a, 0x82, 0x5a, 0x41,
    0x00, 0x00, 0x10, 0x41, 0x00, 0x00, 0x40, 0x41, 0x0c, 0x00, 0x00, 0x00, 0x10, 0x41, 0x00, 0x00,
    0x40, 0x41, 0x0d, 0x00, 0x00, 0x00, 0x10, 0x41, 0x86, 0x7d, 0x25, 0x41, 0x86, 0x7d, 0x25, 0x41,
    0x00, 0x00, 0x10, 0x41, 0x00, 0x00, 0x40, 0x41, 0x00, 0x00, 0x10, 0x41, 0x0e, 0x00, 0x10, 0x00,
    0x00, 0x00,
    // settings-2 @ 23346, 380 bytes
    0x01, 0x00, 0x00, 0x00, 0x00, 0x00, 0x00, 0x00, 0x00, 0x00, 0x00, 0x00, 0xc0, 0x41, 0x00, 0x00,
    0xc0, 0x41, 0x02, 0x00, 0x00, 0x00, 0x00, 0x40, 0x0b, 0x00, 0x00, 0x00, 0x60, 0x41, 0x00, 0x00,
    0x88, 0x41, 0x0c, 0x00, 0x00, 0x00, 0xa0, 0x40, 0x00, 0x00, 0x88, 0x41, 0x0b, 0x00, 0x00, 0x00,
    0x98, 0x41, 0x00, 0x00, 0xe0, 0x40, 0x0c, 0x00, 0x00, 0x00, 0x20, 0x41, 0x00, 0x00, 0xe0, 0x40,
    0x0b, 0x00, 0x00, 0x00, 0x88, 0x41, 0x00, 0x00, 0x60, 0x41, 0x0c, 0x00, 0x00, 0x00, 0x88, 0x41,
    0x00, 0x00, 0x60, 0x41, 0x0d, 0x00, 0x3d, 0x41, 0x95, 0x41, 0x00, 0x00, 0x60, 0x41, 0x00, 0x00,
    0xa0, 0x41, 0x86, 0x7d, 0x75, 0x41, 0x00, 0x00, 0xa0, 0x41, 0x00, 0x00, 0x88, 0x41, 0x0c, 0x00,
    0x00, 0x00, 0xa0, 0x41, 0x00, 0x00, 0x88, 0x41, 0x0d, 0x00, 0x00, 0x00, 0xa0, 0x41, 0x3d, 0x41,
    0x95, 0x41, 0x3d, 0x41, 0x95, 0x41, 0x00, 0x00, 0xa0, 0x41, 0x00, 0x00, 0x88, 0x41, 0x00, 0x00,
    0xa0, 0x41, 0x0c, 0x00, 0x00, 0x00, 0x88, 0x41, 0x00, 0x00, 0xa0, 0x41, 0x0d, 0x00, 0x86, 0x7d,
    0x75, 0x41, 0x00, 0x00, 0xa0, 0x41, 0x00, 0x00, 0x60, 0x41, 0x3d, 0x41, 0x95, 0x41, 0x00, 0x00,
    0x60, 0x41, 0x00, 0x00, 0x88, 0x41, 0x0c, 0x00, 0x00, 0x00, 0x60, 0x41, 0x00, 0x00, 0x88, 0x41,
    0x0d, 0x00, 0x00, 0x00, 0x60, 0x41, 0x86, 0x7d, 0x75, 0x41, 0x86, 0x7d, 0x75, 0x41, 0x00, 0x00,
    0x60, 0x41, 0x00, 0x00, 0x88, 0x41, 0x00, 0x00, 0x60, 0x41, 0x0e, 0x00, 0x0b, 0x00, 0x00, 0x00,
    0xe0, 0x40, 0x00, 0x00, 0x80, 0x40, 0x0c, 0x00, 0x00, 0x00, 0xe0, 0x40, 0x00, 0x00, 0x80, 0x40,
    0x0d, 0x00, 0x7a, 0x82, 0x0a, 0x41, 0x00, 0x00, 0x80, 0x40, 0x00, 0x00, 0x20, 0x41, 0x0d, 0xfb,
    0xaa, 0x40, 0x00, 0x00, 0x20, 0x41, 0x00, 0x00, 0xe0, 0x40, 0x0c, 0x00, 0x00, 0x00, 0x20, 0x41,
    0x00, 0x00, 0xe0, 0x40, 0x0d, 0x00, 0x00, 0x00, 0x20, 0x41, 0x7a, 0x82, 0x0a, 0x41, 0x7a, 0x82,
    0x0a, 0x41, 0x00, 0x00, 0x20, 0x41, 0x00, 0x00, 0xe0, 0x40, 0x00, 0x00, 0x20, 0x41, 0x0c, 0x00,
    0x00, 0x00, 0xe0, 0x40, 0x00, 0x00, 0x20, 0x41, 0x0d, 0x00, 0x0d, 0xfb, 0xaa, 0x40, 0x00, 0x00,
    0x20, 0x41, 0x00, 0x00, 0x80, 0x40, 0x7a, 0x82, 0x0a, 0x41, 0x00, 0x00, 0x80, 0x40, 0x00, 0x00,
    0xe0, 0x40, 0x0c, 0x00, 0x00, 0x00, 0x80, 0x40, 0x00, 0x00, 0xe0, 0x40, 0x0d, 0x00, 0x00, 0x00,
    0x80, 0x40, 0x0d, 0xfb, 0xaa, 0x40, 0x0d, 0xfb, 0xaa, 0x40, 0x00, 0x00, 0x80, 0x40, 0x00, 0x00,
    0xe0, 0x40, 0x00, 0x00, 0x80, 0x40, 0x0e, 0x00, 0x10, 0x00, 0x00, 0x00,
    // sort-ascending @ 23726, 88 bytes
    0x01, 0x00, 0x00, 0x00, 0x00, 0x00, 0x00, 0x00, 0x00, 0x00, 0x00, 0x00, 0xc0, 0x41, 0x00, 0x00,
    0xc0, 0x41, 0x02, 0x00, 0x00, 0x00, 0x00, 0x40, 0x0b, 0x00, 0x00, 0x00, 0xe0, 0x40, 0x00, 0x00,
    0x70, 0x41, 0x0c, 0x00, 0x00, 0x00, 0x40, 0x41, 0x00, 0x00, 0xa0, 0x41, 0x0c, 0x00, 0x00, 0x00,
    0x88, 0x41, 0x00, 0x00, 0x70, 0x41, 0x0b, 0x00, 0x00, 0x00, 0xe0, 0x40, 0x00, 0x00, 0x10, 0x41,
    0x0c, 0x00, 0x00, 0x00, 0x40, 0x41, 0x00, 0x00, 0x80, 0x40, 0x0c, 0x00, 0x00, 0x00, 0x88, 0x41,
    0x00, 0x00, 0x10, 0x41, 0x10, 0x00, 0x00, 0x00,
    // sort-descending @ 23814, 88 bytes
    0x01, 0x00, 0x00, 0x00, 0x00, 0x00, 0x00, 0x00, 0x00, 0x00, 0x00, 0x00, 0xc0, 0x41, 0x00, 0x00,
    0xc0, 0x41, 0x02, 0x00, 0x00, 0x00, 0x00, 0x40, 0x0b, 0x00, 0x00, 0x00, 0xe0, 0x40, 0x00, 0x00,
    0x70, 0x41, 0x0c, 0x00, 0x00, 0x00, 0x40, 0x41, 0x00, 0x00, 0xa0, 0x41, 0x0c, 0x00, 0x00, 0x00,
    0x88, 0x41, 0x00, 0x00, 0x70, 0x41, 0x0b, 0x00, 0x00, 0x00, 0xe0, 0x40, 0x00, 0x00, 0x10, 0x41,
    0x0c, 0x00, 0x00, 0x00, 0x40, 0x41, 0x00, 0x00, 0x80, 0x40, 0x0c, 0x00, 0x00, 0x00, 0x88, 0x41,
    0x00, 0x00, 0x10, 0x41, 0x10, 0x00, 0x00, 0x00,
    // sparkles @ 23902, 618 bytes
    0x01, 0x00, 0x00, 0x00, 0x00, 0x00, 0x00, 0x00, 0x00, 0x00, 0x00, 0x00, 0xc0, 0x41, 0x00, 0x00,
    0xc0, 0x41, 0x02, 0x00, 0x00, 0x00, 0x00, 0x40, 0x0b, 0x00, 0xa2, 0x45, 0x30, 0x41, 0x93, 0x18,
    0x34, 0x40, 0x0d, 0x00, 0x4a, 0xae, 0x31, 0x41, 0xe7, 0xec, 0x15, 0x40, 0xb0, 0x53, 0x38, 0x41,
    0x8a, 0xb1, 0xff, 0x3f, 0x00, 0x00, 0x40, 0x41, 0x8a, 0xb1, 0xff, 0x3f, 0x0d, 0x00, 0x50, 0xac,
    0x47, 0x41, 0x8a, 0xb1, 0xff, 0x3f, 0xb6, 0x51, 0x4e, 0x41, 0xe7, 0xec, 0x15, 0x40, 0x5e, 0xba,
    0x4f, 0x41, 0x93, 0x18, 0x34, 0x40, 0x0c, 0x00, 0x44, 0x8b, 0x60, 0x41, 0xb6, 0xf3, 0x05, 0x41,
    0x0d, 0x00, 0xa3, 0xfb, 0x62, 0x41, 0xf3, 0xdc, 0x12, 0x41, 0x0d, 0x23, 0x6d, 0x41, 0x5d, 0x04,
    0x1d, 0x41, 0x4a, 0x0c, 0x7a, 0x41, 0xbc, 0x74, 0x1f, 0x41, 0x0c, 0x00, 0xee, 0x7c, 0xa9, 0x41,
    0xa2, 0x45, 0x30, 0x41, 0x0d, 0x00, 0x63, 0x42, 0xad, 0x41, 0x4a, 0xae, 0x31, 0x41, 0xe7, 0x04,
    0xb0, 0x41, 0xb0, 0x53, 0x38, 0x41, 0xe7, 0x04, 0xb0, 0x41, 0x00, 0x00, 0x40, 0x41, 0x0d, 0x00,
    0xe7, 0x04, 0xb0, 0x41, 0x50, 0xac, 0x47, 0x41, 0x63, 0x42, 0xad, 0x41, 0xb6, 0x51, 0x4e, 0x41,
    0xee, 0x7c, 0xa9, 0x41, 0x5e, 0xba, 0x4f, 0x41, 0x0c, 0x00, 0x4a, 0x0c, 0x7a, 0x41, 0x44, 0x8b,
    0x60, 0x41, 0x0d, 0x00, 0x0d, 0x23, 0x6d, 0x41, 0xa3, 0xfb, 0x62, 0x41, 0xa3, 0xfb, 0x62, 0x41,
    0x0d, 0x23, 0x6d, 0x41, 0x44, 0x8b, 0x60, 0x41, 0x4a, 0x0c, 0x7a, 0x41, 0x0c, 0x00, 0x5e, 0xba,
    0x4f, 0x41, 0xee, 0x7c, 0xa9, 0x41, 0x0d, 0x00, 0xb6, 0x51, 0x4e, 0x41, 0x63, 0x42, 0xad, 0x41,
    0x50, 0xac, 0x47, 0x41, 0xe7, 0x04, 0xb0, 0x41, 0x00, 0x00, 0x40, 0x41, 0xe7, 0x04, 0xb0, 0x41,
    0x0d, 0x00, 0xb0, 0x53, 0x38, 0x41, 0xe7, 0x04, 0xb0, 0x41, 0x4a, 0xae, 0x31, 0x41, 0x63, 0x42,
    0xad, 0x41, 0xa2, 0x45, 0x30, 0x41, 0xee, 0x7c, 0xa9, 0x41, 0x0c, 0x00, 0xbc, 0x74, 0x1f, 0x41,
    0x4a, 0x0c, 0x7a, 0x41, 0x0d, 0x00, 0x5d, 0x04, 0x1d, 0x41, 0x0d, 0x23, 0x6d, 0x41, 0xf3, 0xdc,
    0x12, 0x41, 0xa3, 0xfb, 0x62, 0x41, 0xb6, 0xf3, 0x05, 0x41, 0x44, 0x8b, 0x60, 0x41, 0x0c, 0x00,
    0x93, 0x18, 0x34, 0x40, 0x5e, 0xba, 0x4f, 0x41, 0x0d, 0x00, 0xe7, 0xec, 0x15, 0x40, 0xb6, 0x51,
    0x4e, 0x41, 0x8a, 0xb1, 0xff, 0x3f, 0x50, 0xac, 0x47, 0x41, 0x8a, 0xb1, 0xff, 0x3f, 0x00, 0x00,
    0x40, 0x41, 0x0d, 0x00, 0x8a, 0xb1, 0xff, 0x3f, 0xb0, 0x53, 0x38, 0x41, 0xe7, 0xec, 0x15, 0x40,
    0x4a, 0xae, 0x31, 0x41, 0x93, 0x18, 0x34, 0x40, 0xa2, 0x45, 0x30, 0x41, 0x0c, 0x00, 0xb6, 0xf3,
    0x05, 0x41, 0xbc, 0x74, 0x1f, 0x41, 0x0d, 0x00, 0xf3, 0xdc, 0x12, 0x41, 0x5d, 0x04, 0x1d, 0x41,
    0x5d, 0x04, 0x1d, 0x41, 0xf3, 0xdc, 0x12, 0x41, 0xbc, 0x74, 0x1f, 0x41, 0xb6, 0xf3, 0x05, 0x41,
    0x0e, 0x00, 0x0b, 0x00, 0x00, 0x00, 0xa0, 0x41, 0x00, 0x00, 0x00, 0x40, 0x0c, 0x00, 0x00, 0x00,
    0xa0, 0x41, 0x00, 0x00, 0xc0, 0x40, 0x0b, 0x00, 0x00, 0x00, 0xb0, 0x41, 0x00, 0x00, 0x80, 0x40,
    0x0c, 0x00, 0x00, 0x00, 0x90, 0x41, 0x00, 0x00, 0x80, 0x40, 0x0b, 0x00, 0x00, 0x00, 0x80, 0x40,
    0x00, 0x00, 0x90, 0x41, 0x0c, 0x00, 0x00, 0x00, 0x80, 0x40, 0x00, 0x00, 0x90, 0x41, 0x0d, 0x00,
    0xa2, 0x58, 0xa3, 0x40, 0x00, 0x00, 0x90, 0x41, 0x00, 0x00, 0xc0, 0x40, 0xd7, 0x29, 0x97, 0x41,
    0x00, 0x00, 0xc0, 0x40, 0x00, 0x00, 0xa0, 0x41, 0x0c, 0x00, 0x00, 0x00, 0xc0, 0x40, 0x00, 0x00,
    0xa0, 0x41, 0x0d, 0x00, 0x00, 0x00, 0xc0, 0x40, 0x29, 0xd6, 0xa8, 0x41, 0xa2, 0x58, 0xa3, 0x40,
    0x00, 0x00, 0xb0, 0x41, 0x00, 0x00, 0x80, 0x40, 0x00, 0x00, 0xb0, 0x41, 0x0c, 0x00, 0x00, 0x00,
    0x80, 0x40, 0x00, 0x00, 0xb0, 0x41, 0x0d, 0x00, 0xbc, 0x4e, 0x39, 0x40, 0x00, 0x00, 0xb0, 0x41,
    0x00, 0x00, 0x00, 0x40, 0x29, 0xd6, 0xa8, 0x41, 0x00, 0x00, 0x00, 0x40, 0x00, 0x00, 0xa0, 0x41,
    0x0c, 0x00, 0x00, 0x00, 0x00, 0x40, 0x00, 0x00, 0xa0, 0x41, 0x0d, 0x00, 0x00, 0x00, 0x00, 0x40,
    0xd7, 0x29, 0x97, 0x41, 0xbc, 0x4e, 0x39, 0x40, 0x00, 0x00, 0x90, 0x41, 0x00, 0x00, 0x80, 0x40,
    0x00, 0x00, 0x90, 0x41, 0x0e, 0x00, 0x10, 0x00, 0x00, 0x00,
    // square-terminal @ 24520, 234 bytes
    0x01, 0x00, 0x00, 0x00, 0x00, 0x00, 0x00, 0x00, 0x00, 0x00, 0x00, 0x00, 0xc0, 0x41, 0x00, 0x00,
    0xc0, 0x41, 0x02, 0x00, 0x00, 0x00, 0x00, 0x40, 0x0b, 0x00, 0x00, 0x00, 0xe0, 0x40, 0x00, 0x00,
    0x30, 0x41, 0x0c, 0x00, 0x00, 0x00, 0x10, 0x41, 0x00, 0x00, 0x10, 0x41, 0x0c, 0x00, 0x00, 0x00,
    0xe0, 0x40, 0x00, 0x00, 0xe0, 0x40, 0x0b, 0x00, 0x00, 0x00, 0x30, 0x41, 0x00, 0x00, 0x50, 0x41,
    0x0c, 0x00, 0x00, 0x00, 0x70, 0x41, 0x00, 0x00, 0x50, 0x41, 0x0b, 0x00, 0x00, 0x00, 0xa0, 0x40,
    0x00, 0x00, 0x40, 0x40, 0x0c, 0x00, 0x00, 0x00, 0x98, 0x41, 0x00, 0x00, 0x40, 0x40, 0x0d, 0x00,
    0x29, 0xd6, 0xa0, 0x41, 0x00, 0x00, 0x40, 0x40, 0x00, 0x00, 0xa8, 0x41, 0xbc, 0x4e, 0x79, 0x40,
    0x00, 0x00, 0xa8, 0x41, 0x00, 0x00, 0xa0, 0x40, 0x0c, 0x00, 0x00, 0x00, 0xa8, 0x41, 0x00, 0x00,
    0x98, 0x41, 0x0d, 0x00, 0x00, 0x00, 0xa8, 0x41, 0x29, 0xd6, 0xa0, 0x41, 0x29, 0xd6, 0xa0, 0x41,
    0x00, 0x00, 0xa8, 0x41, 0x00, 0x00, 0x98, 0x41, 0x00, 0x00, 0xa8, 0x41, 0x0c, 0x00, 0x00, 0x00,
    0xa0, 0x40, 0x00, 0x00, 0xa8, 0x41, 0x0d, 0x00, 0xbc, 0x4e, 0x79, 0x40, 0x00, 0x00, 0xa8, 0x41,
    0x00, 0x00, 0x40, 0x40, 0x29, 0xd6, 0xa0, 0x41, 0x00, 0x00, 0x40, 0x40, 0x00, 0x00, 0x98, 0x41,
    0x0c, 0x00, 0x00, 0x00, 0x40, 0x40, 0x00, 0x00, 0xa0, 0x40, 0x0d, 0x00, 0x00, 0x00, 0x40, 0x40,
    0xbc, 0x4e, 0x79, 0x40, 0xbc, 0x4e, 0x79, 0x40, 0x00, 0x00, 0x40, 0x40, 0x00, 0x00, 0xa0, 0x40,
    0x00, 0x00, 0x40, 0x40, 0x0e, 0x00, 0x10, 0x00, 0x00, 0x00,
    // star @ 24754, 520 bytes
    0x01, 0x00, 0x00, 0x00, 0x00, 0x00, 0x00, 0x00, 0x00, 0x00, 0x00, 0x00, 0xc0, 0x41, 0x00, 0x00,
    0xc0, 0x41, 0x02, 0x00, 0x00, 0x00, 0x00, 0x40, 0x0b, 0x00, 0x66, 0x66, 0x38, 0x41, 0x48, 0xe1,
    0x12, 0x40, 0x0d, 0x00, 0xfa, 0xd3, 0x39, 0x41, 0xe2, 0x56, 0x07, 0x40, 0xe1, 0xc7, 0x3c, 0x41,
    0xbe, 0x01, 0x00, 0x40, 0x00, 0x00, 0x40, 0x41, 0xbe, 0x01, 0x00, 0x40, 0x0d, 0x00, 0x1f, 0x38,
    0x43, 0x41, 0xbe, 0x01, 0x00, 0x40, 0x06, 0x2c, 0x46, 0x41, 0xe2, 0x56, 0x07, 0x40, 0x9a, 0x99,
    0x47, 0x41, 0x48, 0xe1, 0x12, 0x40, 0x0c, 0x00, 0x5c, 0x8f, 0x6c, 0x41, 0x02, 0x2b, 0xdf, 0x40,
    0x0d, 0x00, 0x80, 0x7f, 0x71, 0x41, 0x98, 0x27, 0xf3, 0x40, 0x27, 0x0d, 0x7b, 0x41, 0x74, 0x86,
    0x00, 0x41, 0x3d, 0x0a, 0x83, 0x41, 0xdd, 0x24, 0x02, 0x41, 0x0c, 0x00, 0x35, 0x5e, 0xac, 0x41,
    0x71, 0x3d, 0x0e, 0x41, 0x0d, 0x00, 0x82, 0xf6, 0xad, 0x41, 0xc1, 0xb3, 0x0e, 0x41, 0x32, 0x4b,
    0xaf, 0x41, 0xd1, 0xf1, 0x10, 0x41, 0xca, 0xca, 0xaf, 0x41, 0x7c, 0x02, 0x14, 0x41, 0x0d, 0x00,
    0x63, 0x4a, 0xb0, 0x41, 0x27, 0x13, 0x17, 0x41, 0xb6, 0xdf, 0xaf, 0x41, 0x33, 0x74, 0x1a, 0x41,
    0x52, 0xb8, 0xae, 0x41, 0x39, 0xb4, 0x1c, 0x41, 0x0c, 0x00, 0xfe, 0xd4, 0x90, 0x41, 0x79, 0xe9,
    0x56, 0x41, 0x0d, 0x00, 0x97, 0xd5, 0x8c, 0x41, 0x14, 0xb4, 0x5e, 0x41, 0x00, 0x01, 0x8b, 0x41,
    0xa3, 0xf4, 0x69, 0x41, 0xaa, 0xf1, 0x8b, 0x41, 0xc3, 0xf5, 0x74, 0x41, 0x0c, 0x00, 0x00, 0x00,
    0x93, 0x41, 0x9a, 0x99, 0xa3, 0x41, 0x0d, 0x00, 0x15, 0x48, 0x93, 0x41, 0xc4, 0x31, 0xa5, 0x41,
    0x57, 0xa0, 0x92, 0x41, 0x06, 0xd1, 0xa6, 0x41, 0xfc, 0x50, 0x91, 0x41, 0x9a, 0xc4, 0xa7, 0x41,
    0x0d, 0x00, 0xa1, 0x01, 0x90, 0x41, 0x2e, 0xb8, 0xa8, 0x41, 0xda, 0x42, 0x8e, 0x41, 0x45, 0xd7,
    0xa8, 0x41, 0xfe, 0xd4, 0x8c, 0x41, 0x7b, 0x14, 0xa8, 0x41, 0x0c, 0x00, 0xa8, 0xc6, 0x4f, 0x41,
    0xf0, 0xa7, 0x94, 0x41, 0x0d, 0x00, 0xe8, 0xe6, 0x45, 0x41, 0x4c, 0x10, 0x92, 0x41, 0x00, 0x15,
    0x3a, 0x41, 0x4c, 0x10, 0x92, 0x41, 0x3f, 0x35, 0x30, 0x41, 0xf0, 0xa7, 0x94, 0x41, 0x0c, 0x00,
    0x08, 0xac, 0xcc, 0x40, 0x7b, 0x14, 0xa8, 0x41, 0x0d, 0x00, 0x28, 0xf5, 0xc6, 0x40, 0x17, 0xd6,
    0xa8, 0x41, 0x91, 0xfd, 0xbf, 0x40, 0x66, 0xb6, 0xa8, 0x41, 0xee, 0xc2, 0xba, 0x40, 0x02, 0xc3,
    0xa7, 0x41, 0x0d, 0x00, 0x4c, 0x88, 0xb5, 0x40, 0x9f, 0xcf, 0xa6, 0x41, 0x28, 0xea, 0xb2, 0x40,
    0x2e, 0x31, 0xa5, 0x41, 0x31, 0x08, 0xb4, 0x40, 0x9a, 0x99, 0xa3, 0x41, 0x0c, 0x00, 0x58, 0x39,
    0xd0, 0x40, 0xdb, 0xf9, 0x74, 0x41, 0x0d, 0x00, 0x48, 0x00, 0xd4, 0x40, 0x5b, 0xf7, 0x69, 0x41,
    0x79, 0xad, 0xcc, 0x40, 0x92, 0xb4, 0x5e, 0x41, 0x08, 0xac, 0xbc, 0x40, 0x79, 0xe9, 0x56, 0x41,
    0x0c, 0x00, 0x71, 0x3d, 0x0a, 0x40, 0x52, 0xb8, 0x1c, 0x41, 0x0d, 0x00, 0x5a, 0xee, 0x00, 0x40,
    0xe5, 0x78, 0x1a, 0x41, 0xc0, 0x17, 0xfb, 0x3f, 0xa0, 0x14, 0x17, 0x41, 0x82, 0x8a, 0x01, 0x40,
    0xc8, 0x00, 0x14, 0x41, 0x0d, 0x00, 0x23, 0x89, 0x05, 0x40, 0xf1, 0xec, 0x10, 0x41, 0xd2, 0x3d,
    0x10, 0x40, 0x4e, 0xad, 0x0e, 0x41, 0x56, 0x0e, 0x1d, 0x40, 0x58, 0x39, 0x0e, 0x41, 0x0c, 0x00,
    0xd9, 0xce, 0xf3, 0x40, 0xdd, 0x24, 0x02, 0x41, 0x0d, 0x00, 0x0d, 0xf2, 0x04, 0x41, 0xa5, 0x89,
    0x00, 0x41, 0x90, 0x83, 0x0e, 0x41, 0xd4, 0x2c, 0xf3, 0x40, 0xbc, 0x74, 0x13, 0x41, 0x02, 0x2b,
    0xdf, 0x40, 0x0e, 0x00, 0x10, 0x00, 0x00, 0x00,
    // star-fill @ 25274, 140 bytes
    0x01, 0x00, 0x00, 0x00, 0x00, 0x00, 0x00, 0x00, 0x00, 0x00, 0x00, 0x00, 0xc0, 0x41, 0x00, 0x00,
    0xc0, 0x41, 0x02, 0x00, 0x00, 0x00, 0x00, 0x40, 0x0b, 0x00, 0x00, 0x00, 0x40, 0x41, 0x00, 0x00,
    0x00, 0x40, 0x0c, 0x00, 0xa4, 0x70, 0x71, 0x41, 0xf6, 0x28, 0x04, 0x41, 0x0c, 0x00, 0x00, 0x00,
    0xb0, 0x41, 0xec, 0x51, 0x14, 0x41, 0x0c, 0x00, 0x00, 0x00, 0x88, 0x41, 0x71, 0x3d, 0x62, 0x41,
    0x0c, 0x00, 0xa4, 0x70, 0x91, 0x41, 0xf6, 0x28, 0xa8, 0x41, 0x0c, 0x00, 0x00, 0x00, 0x40, 0x41,
    0xf6, 0x28, 0x8e, 0x41, 0x0c, 0x00, 0x71, 0x3d, 0xba, 0x40, 0xf6, 0x28, 0xa8, 0x41, 0x0c, 0x00,
    0x00, 0x00, 0xe0, 0x40, 0x71, 0x3d, 0x62, 0x41, 0x0c, 0x00, 0x00, 0x00, 0x00, 0x40, 0xec, 0x51,
    0x14, 0x41, 0x0c, 0x00, 0x5c, 0x8f, 0x0e, 0x41, 0xf6, 0x28, 0x04, 0x41, 0x0c, 0x00, 0x00, 0x00,
    0x40, 0x41, 0x00, 0x00, 0x00, 0x40, 0x0e, 0x00, 0x11, 0x00, 0x00, 0x00,
    // star-off @ 25414, 532 bytes
    0x01, 0x00, 0x00, 0x00, 0x00, 0x00, 0x00, 0x00, 0x00, 0x00, 0x00, 0x00, 0xc0, 0x41, 0x00, 0x00,
    0xc0, 0x41, 0x02, 0x00, 0x00, 0x00, 0x00, 0x40, 0x0b, 0x00, 0x06, 0x81, 0x25, 0x41, 0x19, 0x04,
    0x96, 0x40, 0x0c, 0x00, 0x66, 0x66, 0x38, 0x41, 0x48, 0xe1, 0x12, 0x40, 0x0d, 0x00, 0xfa, 0xd3,
    0x39, 0x41, 0xe2, 0x56, 0x07, 0x40, 0xe1, 0xc7, 0x3c, 0x41, 0xbe, 0x01, 0x00, 0x40, 0x00, 0x00,
    0x40, 0x41, 0xbe, 0x01, 0x00, 0x40, 0x0d, 0x00, 0x1f, 0x38, 0x43, 0x41, 0xbe, 0x01, 0x00, 0x40,
    0x06, 0x2c, 0x46, 0x41, 0xe2, 0x56, 0x07, 0x40, 0x9a, 0x99, 0x47, 0x41, 0x48, 0xe1, 0x12, 0x40,
    0x0c, 0x00, 0x5c, 0x8f, 0x6c, 0x41, 0x02, 0x2b, 0xdf, 0x40, 0x0d, 0x00, 0xd3, 0x7d, 0x71, 0x41,
    0x61, 0x2a, 0xf3, 0x40, 0x58, 0x0c, 0x7b, 0x41, 0x7a, 0x88, 0x00, 0x41, 0x3d, 0x0a, 0x83, 0x41,
    0xdd, 0x24, 0x02, 0x41, 0x0c, 0x00, 0x35, 0x5e, 0xac, 0x41, 0x71, 0x3d, 0x0e, 0x41, 0x0d, 0x00,
    0x82, 0xf6, 0xad, 0x41, 0xc1, 0xb3, 0x0e, 0x41, 0x32, 0x4b, 0xaf, 0x41, 0xd1, 0xf1, 0x10, 0x41,
    0xca, 0xca, 0xaf, 0x41, 0x7c, 0x02, 0x14, 0x41, 0x0d, 0x00, 0x63, 0x4a, 0xb0, 0x41, 0x27, 0x13,
    0x17, 0x41, 0xb6, 0xdf, 0xaf, 0x41, 0x33, 0x74, 0x1a, 0x41, 0x52, 0xb8, 0xae, 0x41, 0x39, 0xb4,
    0x1c, 0x41, 0x0c, 0x00, 0xf2, 0xd2, 0x94, 0x41, 0xd1, 0x22, 0x4f, 0x41, 0x0b, 0x00, 0x5c, 0x8f,
    0x8f, 0x41, 0x5c, 0x8f, 0x8f, 0x41, 0x0c, 0x00, 0x00, 0x00, 0x93, 0x41, 0x9a, 0x99, 0xa3, 0x41,
    0x0d, 0x00, 0x15, 0x48, 0x93, 0x41, 0xc4, 0x31, 0xa5, 0x41, 0x57, 0xa0, 0x92, 0x41, 0x06, 0xd1,
    0xa6, 0x41, 0xfc, 0x50, 0x91, 0x41, 0x9a, 0xc4, 0xa7, 0x41, 0x0d, 0x00, 0xa1, 0x01, 0x90, 0x41,
    0x2e, 0xb8, 0xa8, 0x41, 0xda, 0x42, 0x8e, 0x41, 0x45, 0xd7, 0xa8, 0x41, 0xfe, 0xd4, 0x8c, 0x41,
    0x7b, 0x14, 0xa8, 0x41, 0x0c, 0x00, 0xa8, 0xc6, 0x4f, 0x41, 0xf0, 0xa7, 0x94, 0x41, 0x0d, 0x00,
    0x44, 0xe7, 0x45, 0x41, 0x97, 0x0f, 0x92, 0x41, 0xa4, 0x14, 0x3a, 0x41, 0x97, 0x0f, 0x92, 0x41,
    0x3f, 0x35, 0x30, 0x41, 0xf0, 0xa7, 0x94, 0x41, 0x0c, 0x00, 0x08, 0xac, 0xcc, 0x40, 0x7b, 0x14,
    0xa8, 0x41, 0x0d, 0x00, 0x28, 0xf5, 0xc6, 0x40, 0x17, 0xd6, 0xa8, 0x41, 0x91, 0xfd, 0xbf, 0x40,
    0x66, 0xb6, 0xa8, 0x41, 0xee, 0xc2, 0xba, 0x40, 0x02, 0xc3, 0xa7, 0x41, 0x0d, 0x00, 0x4c, 0x88,
    0xb5, 0x40, 0x9f, 0xcf, 0xa6, 0x41, 0x28, 0xea, 0xb2, 0x40, 0x2e, 0x31, 0xa5, 0x41, 0x31, 0x08,
    0xb4, 0x40, 0x9a, 0x99, 0xa3, 0x41, 0x0c, 0x00, 0x58, 0x39, 0xd0, 0x40, 0xdb, 0xf9, 0x74, 0x41,
    0x0d, 0x00, 0x32, 0x03, 0xd4, 0x40, 0x43, 0xf7, 0x69, 0x41, 0xf1, 0xaf, 0xcc, 0x40, 0xca, 0xb3,
    0x5e, 0x41, 0x08, 0xac, 0xbc, 0x40, 0x79, 0xe9, 0x56, 0x41, 0x0c, 0x00, 0x71, 0x3d, 0x0a, 0x40,
    0x52, 0xb8, 0x1c, 0x41, 0x0d, 0x00, 0x5a, 0xee, 0x00, 0x40, 0xe5, 0x78, 0x1a, 0x41, 0xc0, 0x17,
    0xfb, 0x3f, 0xa0, 0x14, 0x17, 0x41, 0x82, 0x8a, 0x01, 0x40, 0xc8, 0x00, 0x14, 0x41, 0x0d, 0x00,
    0x23, 0x89, 0x05, 0x40, 0xf1, 0xec, 0x10, 0x41, 0xd2, 0x3d, 0x10, 0x40, 0x4e, 0xad, 0x0e, 0x41,
    0x56, 0x0e, 0x1d, 0x40, 0x58, 0x39, 0x0e, 0x41, 0x0c, 0x00, 0xd9, 0xce, 0xf3, 0x40, 0xdd, 0x24,
    0x02, 0x41, 0x0d, 0x00, 0xe6, 0x19, 0xf8, 0x40, 0xc9, 0xab, 0x01, 0x41, 0x87, 0x5e, 0xfc, 0x40,
    0x93, 0x24, 0x01, 0x41, 0xd3, 0x4d, 0x00, 0x41, 0x5c, 0x8f, 0x00, 0x41, 0x0b, 0x00, 0x00, 0x00,
    0x00, 0x40, 0x00, 0x00, 0x00, 0x40, 0x0c, 0x00, 0x00, 0x00, 0xb0, 0x41, 0x00, 0x00, 0xb0, 0x41,
    0x10, 0x00, 0x00, 0x00,
    // sun @ 25946, 344 bytes
    0x01, 0x00, 0x00, 0x00, 0x00, 0x00, 0x00, 0x00, 0x00, 0x00, 0x00, 0x00, 0xc0, 0x41, 0x00, 0x00,
    0xc0, 0x41, 0x02, 0x00, 0x00, 0x00, 0x00, 0x40, 0x0b, 0x00, 0x00, 0x00, 0x40, 0x41, 0x00, 0x00,
    0x00, 0x41, 0x0c, 0x00, 0x00, 0x00, 0x40, 0x41, 0x00, 0x00, 0x00, 0x41, 0x0d, 0x00, 0xa2, 0x58,
    0x63, 0x41, 0x00, 0x00, 0x00, 0x41, 0x00, 0x00, 0x80, 0x41, 0x5e, 0xa7, 0x1c, 0x41, 0x00, 0x00,
    0x80, 0x41, 0x00, 0x00, 0x40, 0x41, 0x0c, 0x00, 0x00, 0x00, 0x80, 0x41, 0x00, 0x00, 0x40, 0x41,
    0x0d, 0x00, 0x00, 0x00, 0x80, 0x41, 0xa2, 0x58, 0x63, 0x41, 0xa2, 0x58, 0x63, 0x41, 0x00, 0x00,
    0x80, 0x41, 0x00, 0x00, 0x40, 0x41, 0x00, 0x00, 0x80, 0x41, 0x0c, 0x00, 0x00, 0x00, 0x40, 0x41,
    0x00, 0x00, 0x80, 0x41, 0x0d, 0x00, 0x5e, 0xa7, 0x1c, 0x41, 0x00, 0x00, 0x80, 0x41, 0x00, 0x00,
    0x00, 0x41, 0xa2, 0x58, 0x63, 0x41, 0x00, 0x00, 0x00, 0x41, 0x00, 0x00, 0x40, 0x41, 0x0c, 0x00,
    0x00, 0x00, 0x00, 0x41, 0x00, 0x00, 0x40, 0x41, 0x0d, 0x00, 0x00, 0x00, 0x00, 0x41, 0x5e, 0xa7,
    0x1c, 0x41, 0x5e, 0xa7, 0x1c, 0x41, 0x00, 0x00, 0x00, 0x41, 0x00, 0x00, 0x40, 0x41, 0x00, 0x00,
    0x00, 0x41, 0x0e, 0x00, 0x0b, 0x00, 0x00, 0x00, 0x40, 0x41, 0x00, 0x00, 0x00, 0x40, 0x0c, 0x00,
    0x00, 0x00, 0x40, 0x41, 0x00, 0x00, 0x80, 0x40, 0x0b, 0x00, 0x00, 0x00, 0x40, 0x41, 0x00, 0x00,
    0xa0, 0x41, 0x0c, 0x00, 0x00, 0x00, 0x40, 0x41, 0x00, 0x00, 0xb0, 0x41, 0x0b, 0x00, 0x8f, 0xc2,
    0x9d, 0x40, 0x8f, 0xc2, 0x9d, 0x40, 0x0c, 0x00, 0x48, 0xe1, 0xca, 0x40, 0x48, 0xe1, 0xca, 0x40,
    0x0b, 0x00, 0xae, 0x47, 0x8d, 0x41, 0xae, 0x47, 0x8d, 0x41, 0x0c, 0x00, 0x5c, 0x8f, 0x98, 0x41,
    0x5c, 0x8f, 0x98, 0x41, 0x0b, 0x00, 0x00, 0x00, 0x00, 0x40, 0x00, 0x00, 0x40, 0x41, 0x0c, 0x00,
    0x00, 0x00, 0x80, 0x40, 0x00, 0x00, 0x40, 0x41, 0x0b, 0x00, 0x00, 0x00, 0xa0, 0x41, 0x00, 0x00,
    0x40, 0x41, 0x0c, 0x00, 0x00, 0x00, 0xb0, 0x41, 0x00, 0x00, 0x40, 0x41, 0x0b, 0x00, 0x48, 0xe1,
    0xca, 0x40, 0xae, 0x47, 0x8d, 0x41, 0x0c, 0x00, 0x8f, 0xc2, 0x9d, 0x40, 0x5c, 0x8f, 0x98, 0x41,
    0x0b, 0x00, 0x5c, 0x8f, 0x98, 0x41, 0x8f, 0xc2, 0x9d, 0x40, 0x0c, 0x00, 0xae, 0x47, 0x8d, 0x41,
    0x48, 0xe1, 0xca, 0x40, 0x10, 0x00, 0x00, 0x00,
    // thumbs-down @ 26290, 338 bytes
    0x01, 0x00, 0x00, 0x00, 0x00, 0x00, 0x00, 0x00, 0x00, 0x00, 0x00, 0x00, 0xc0, 0x41, 0x00, 0x00,
    0xc0, 0x41, 0x02, 0x00, 0x00, 0x00, 0x00, 0x40, 0x0b, 0x00, 0x00, 0x00, 0x10, 0x41, 0xc3, 0xf5,
    0x90, 0x41, 0x0c, 0x00, 0x00, 0x00, 0x20, 0x41, 0x00, 0x00, 0x60, 0x41, 0x0c, 0x00, 0xa4, 0x70,
    0x85, 0x40, 0x00, 0x00, 0x60, 0x41, 0x0d, 0x00, 0x18, 0x9f, 0x62, 0x40, 0x00, 0x00, 0x60, 0x41,
    0x98, 0xa2, 0x3c, 0x40, 0x70, 0x40, 0x5b, 0x41, 0xe1, 0x7a, 0x24, 0x40, 0x33, 0x33, 0x53, 0x41,
    0x0d, 0x00, 0x2b, 0x53, 0x0c, 0x40, 0xf6, 0x25, 0x4b, 0x41, 0x45, 0xba, 0x04, 0x40, 0xba, 0xb3,
    0x40, 0x41, 0x00, 0x00, 0x10, 0x40, 0x3d, 0x0a, 0x37, 0x41, 0x0c, 0x00, 0x5c, 0x8f, 0x92, 0x40,
    0xf6, 0x28, 0x5c, 0x40, 0x0d, 0x00, 0x53, 0x80, 0x9a, 0x40, 0xa0, 0xb4, 0x25, 0x40, 0x68, 0xa3,
    0xb3, 0x40, 0x00, 0x00, 0x00, 0x40, 0x00, 0x00, 0xd0, 0x40, 0x00, 0x00, 0x00, 0x40, 0x0c, 0x00,
    0x00, 0x00, 0xa0, 0x41, 0x00, 0x00, 0x00, 0x40, 0x0d, 0x00, 0x00, 0xc7, 0xa8, 0x41, 0x00, 0x00,
    0x00, 0x40, 0x00, 0x00, 0xb0, 0x41, 0x02, 0xc8, 0x39, 0x40, 0x00, 0x00, 0xb0, 0x41, 0x00, 0x00,
    0x80, 0x40, 0x0c, 0x00, 0x00, 0x00, 0xb0, 0x41, 0x00, 0x00, 0x40, 0x41, 0x0d, 0x00, 0x00, 0x00,
    0xb0, 0x41, 0x00, 0x8e, 0x51, 0x41, 0x00, 0xc7, 0xa8, 0x41, 0x00, 0x00, 0x60, 0x41, 0x00, 0x00,
    0xa0, 0x41, 0x00, 0x00, 0x60, 0x41, 0x0c, 0x00, 0x85, 0xeb, 0x89, 0x41, 0x00, 0x00, 0x60, 0x41,
    0x0d, 0x00, 0xa5, 0xdb, 0x83, 0x41, 0xa6, 0x01, 0x60, 0x41, 0x5e, 0x98, 0x7c, 0x41, 0x0f, 0xe7,
    0x66, 0x41, 0x33, 0x33, 0x77, 0x41, 0x8f, 0xc2, 0x71, 0x41, 0x0c, 0x00, 0x00, 0x00, 0x40, 0x41,
    0x00, 0x00, 0xb0, 0x41, 0x0d, 0x00, 0x7c, 0xb9, 0x30, 0x41, 0xca, 0xe7, 0xaf, 0x41, 0x8f, 0x58,
    0x22, 0x41, 0x33, 0x52, 0xac, 0x41, 0x64, 0x00, 0x19, 0x41, 0x44, 0x47, 0xa6, 0x41, 0x0d, 0x00,
    0x3a, 0xa8, 0x0f, 0x41, 0x54, 0x3c, 0xa0, 0x41, 0x9b, 0x56, 0x0c, 0x41, 0x2a, 0x60, 0x98, 0x41,
    0x00, 0x00, 0x10, 0x41, 0xc3, 0xf5, 0x90, 0x41, 0x0e, 0x00, 0x0b, 0x00, 0x00, 0x00, 0x88, 0x41,
    0x00, 0x00, 0x60, 0x41, 0x0c, 0x00, 0x00, 0x00, 0x88, 0x41, 0x00, 0x00, 0x00, 0x40, 0x10, 0x00,
    0x00, 0x00,
    // thumbs-up @ 26628, 338 bytes
    0x01, 0x00, 0x00, 0x00, 0x00, 0x00, 0x00, 0x00, 0x00, 0x00, 0x00, 0x00, 0xc0, 0x41, 0x00, 0x00,
    0xc0, 0x41, 0x02, 0x00, 0x00, 0x00, 0x00, 0x40, 0x0b, 0x00, 0x00, 0x00, 0x70, 0x41, 0xf6, 0x28,
    0xbc, 0x40, 0x0c, 0x00, 0x00, 0x00, 0x60, 0x41, 0x00, 0x00, 0x20, 0x41, 0x0c, 0x00, 0xd7, 0xa3,
    0x9e, 0x41, 0x00, 0x00, 0x20, 0x41, 0x0d, 0x00, 0x1d, 0xac, 0xa3, 0x41, 0x00, 0x00, 0x20, 0x41,
    0xad, 0x6b, 0xa8, 0x41, 0x90, 0xbf, 0x24, 0x41, 0xa4, 0x70, 0xab, 0x41, 0xcd, 0xcc, 0x2c, 0x41,
    0x0d, 0x00, 0x9b, 0x75, 0xae, 0x41, 0x0a, 0xda, 0x34, 0x41, 0xb7, 0x68, 0xaf, 0x41, 0x46, 0x4c,
    0x3f, 0x41, 0x00, 0x00, 0xae, 0x41, 0xc3, 0xf5, 0x48, 0x41, 0x0c, 0x00, 0x29, 0x5c, 0x9b, 0x41,
    0xe1, 0x7a, 0xa4, 0x41, 0x0d, 0x00, 0xeb, 0x5f, 0x99, 0x41, 0x6c, 0x49, 0xab, 0x41, 0x26, 0x17,
    0x93, 0x41, 0x00, 0x00, 0xb0, 0x41, 0x00, 0x00, 0x8c, 0x41, 0x00, 0x00, 0xb0, 0x41, 0x0c, 0x00,
    0x00, 0x00, 0x80, 0x40, 0x00, 0x00, 0xb0, 0x41, 0x0d, 0x00, 0x02, 0xc8, 0x39, 0x40, 0x00, 0x00,
    0xb0, 0x41, 0x00, 0x00, 0x00, 0x40, 0x00, 0xc7, 0xa8, 0x41, 0x00, 0x00, 0x00, 0x40, 0x00, 0x00,
    0xa0, 0x41, 0x0c, 0x00, 0x00, 0x00, 0x00, 0x40, 0x00, 0x00, 0x40, 0x41, 0x0d, 0x00, 0x00, 0x00,
    0x00, 0x40, 0x00, 0x72, 0x2e, 0x41, 0x02, 0xc8, 0x39, 0x40, 0x00, 0x00, 0x20, 0x41, 0x00, 0x00,
    0x80, 0x40, 0x00, 0x00, 0x20, 0x41, 0x0c, 0x00, 0xec, 0x51, 0xd8, 0x40, 0x00, 0x00, 0x20, 0x41,
    0x0d, 0x00, 0x6a, 0x91, 0xf0, 0x40, 0x5a, 0xfe, 0x1f, 0x41, 0xa2, 0x67, 0x03, 0x41, 0xf1, 0x18,
    0x19, 0x41, 0xcd, 0xcc, 0x08, 0x41, 0x71, 0x3d, 0x0e, 0x41, 0x0c, 0x00, 0x00, 0x00, 0x40, 0x41,
    0x00, 0x00, 0x00, 0x40, 0x0d, 0x00, 0x84, 0x46, 0x4f, 0x41, 0xb3, 0xc1, 0x00, 0x40, 0x71, 0xa7,
    0x5d, 0x41, 0x69, 0x6e, 0x1d, 0x40, 0x9c, 0xff, 0x66, 0x41, 0xe2, 0xc5, 0x4d, 0x40, 0x0d, 0x00,
    0xc6, 0x57, 0x70, 0x41, 0x5c, 0x1d, 0x7e, 0x40, 0x65, 0xa9, 0x73, 0x41, 0x57, 0x7f, 0x9e, 0x40,
    0x00, 0x00, 0x70, 0x41, 0xf6, 0x28, 0xbc, 0x40, 0x0e, 0x00, 0x0b, 0x00, 0x00, 0x00, 0xe0, 0x40,
    0x00, 0x00, 0x20, 0x41, 0x0c, 0x00, 0x00, 0x00, 0xe0, 0x40, 0x00, 0x00, 0xb0, 0x41, 0x10, 0x00,
    0x00, 0x00,
    // triangle-alert @ 26966, 264 bytes
    0x01, 0x00, 0x00, 0x00, 0x00, 0x00, 0x00, 0x00, 0x00, 0x00, 0x00, 0x00, 0xc0, 0x41, 0x00, 0x00,
    0xc0, 0x41, 0x02, 0x00, 0x00, 0x00, 0x00, 0x40, 0x0b, 0x00, 0x0a, 0xd7, 0xad, 0x41, 0x00, 0x00,
    0x90, 0x41, 0x0c, 0x00, 0x14, 0xae, 0x5b, 0x41, 0x00, 0x00, 0x80, 0x40, 0x0d, 0x00, 0x5d, 0x01,
    0x56, 0x41, 0x98, 0xf2, 0x57, 0x40, 0x6c, 0x59, 0x4b, 0x41, 0x52, 0x1c, 0x3f, 0x40, 0x0a, 0xd7,
    0x3f, 0x41, 0x52, 0x1c, 0x3f, 0x40, 0x0d, 0x00, 0xa9, 0x54, 0x34, 0x41, 0x52, 0x1c, 0x3f, 0x40,
    0xb8, 0xac, 0x29, 0x41, 0x98, 0xf2, 0x57, 0x40, 0x00, 0x00, 0x24, 0x41, 0x00, 0x00, 0x80, 0x40,
    0x0c, 0x00, 0x00, 0x00, 0x10, 0x40, 0x00, 0x00, 0x90, 0x41, 0x0d, 0x00, 0x12, 0x1e, 0xf2, 0x3f,
    0x66, 0xf7, 0x94, 0x41, 0xc9, 0x55, 0xf2, 0x3f, 0xe3, 0x1b, 0x9b, 0x41, 0xd9, 0x48, 0x10, 0x40,
    0x06, 0x10, 0xa0, 0x41, 0x0d, 0x00, 0xcd, 0x66, 0x27, 0x40, 0x28, 0x04, 0xa5, 0x41, 0x7f, 0x1f,
    0x52, 0x40, 0x36, 0x0d, 0xa8, 0x41, 0x00, 0x00, 0x80, 0x40, 0x00, 0x00, 0xa8, 0x41, 0x0c, 0x00,
    0x00, 0x00, 0xa0, 0x41, 0x00, 0x00, 0xa8, 0x41, 0x0d, 0x00, 0xcc, 0xb4, 0xa5, 0x41, 0x81, 0xfe,
    0xa7, 0x41, 0x57, 0xfe, 0xaa, 0x41, 0xa5, 0xef, 0xa4, 0x41, 0x17, 0xd8, 0xad, 0x41, 0x2f, 0xfe,
    0x9f, 0x41, 0x0d, 0x00, 0xd7, 0xb1, 0xb0, 0x41, 0xb8, 0x0c, 0x9b, 0x41, 0x71, 0xb1, 0xb0, 0x41,
    0x17, 0xf1, 0x94, 0x41, 0x0a, 0xd7, 0xad, 0x41, 0x00, 0x00, 0x90, 0x41, 0x0b, 0x00, 0x00, 0x00,
    0x40, 0x41, 0x00, 0x00, 0x10, 0x41, 0x0c, 0x00, 0x00, 0x00, 0x40, 0x41, 0x00, 0x00, 0x50, 0x41,
    0x0b, 0x00, 0x00, 0x00, 0x40, 0x41, 0x00, 0x00, 0x88, 0x41, 0x0c, 0x00, 0xf6, 0x28, 0x40, 0x41,
    0x00, 0x00, 0x88, 0x41, 0x10, 0x00, 0x00, 0x00,
    // undo @ 27230, 130 bytes
    0x01, 0x00, 0x00, 0x00, 0x00, 0x00, 0x00, 0x00, 0x00, 0x00, 0x00, 0x00, 0xc0, 0x41, 0x00, 0x00,
    0xc0, 0x41, 0x02, 0x00, 0x00, 0x00, 0x00, 0x40, 0x0b, 0x00, 0x00, 0x00, 0x40, 0x40, 0x00, 0x00,
    0xe0, 0x40, 0x0c, 0x00, 0x00, 0x00, 0x40, 0x40, 0x00, 0x00, 0x50, 0x41, 0x0c, 0x00, 0x00, 0x00,
    0x10, 0x41, 0x00, 0x00, 0x50, 0x41, 0x0b, 0x00, 0x00, 0x00, 0xa8, 0x41, 0x00, 0x00, 0x88, 0x41,
    0x0d, 0x00, 0x00, 0x00, 0xa8, 0x41, 0x02, 0x01, 0x41, 0x41, 0x7f, 0x7f, 0x87, 0x41, 0x00, 0x00,
    0x00, 0x41, 0x00, 0x00, 0x40, 0x41, 0x00, 0x00, 0x00, 0x41, 0x0d, 0x00, 0x73, 0x92, 0x1c, 0x41,
    0x3c, 0x09, 0x00, 0x41, 0x8e, 0xbf, 0xf4, 0x40, 0x31, 0x25, 0x0d, 0x41, 0x00, 0x00, 0xc0, 0x40,
    0xcd, 0xcc, 0x24, 0x41, 0x0c, 0x00, 0x00, 0x00, 0x40, 0x40, 0x00, 0x00, 0x50, 0x41, 0x10, 0x00,
    0x00, 0x00,
    // undo-2 @ 27360, 140 bytes
    0x01, 0x00, 0x00, 0x00, 0x00, 0x00, 0x00, 0x00, 0x00, 0x00, 0x00, 0x00, 0xc0, 0x41, 0x00, 0x00,
    0xc0, 0x41, 0x02, 0x00, 0x00, 0x00, 0x00, 0x40, 0x0b, 0x00, 0x00, 0x00, 0x10, 0x41, 0x00, 0x00,
    0x60, 0x41, 0x0c, 0x00, 0x00, 0x00, 0x80, 0x40, 0x00, 0x00, 0x10, 0x41, 0x0c, 0x00, 0x00, 0x00,
    0x10, 0x41, 0x00, 0x00, 0x80, 0x40, 0x0b, 0x00, 0x00, 0x00, 0x80, 0x40, 0x00, 0x00, 0x10, 0x41,
    0x0c, 0x00, 0x00, 0x00, 0x68, 0x41, 0x00, 0x00, 0x10, 0x41, 0x0d, 0x00, 0x3f, 0x23, 0x8c, 0x41,
    0x00, 0x00, 0x10, 0x41, 0x00, 0x00, 0xa0, 0x41, 0x81, 0xb9, 0x37, 0x41, 0x00, 0x00, 0xa0, 0x41,
    0x00, 0x00, 0x68, 0x41, 0x0d, 0x00, 0x00, 0x00, 0xa0, 0x41, 0x3f, 0x23, 0x8c, 0x41, 0x3f, 0x23,
    0x8c, 0x41, 0x00, 0x00, 0xa0, 0x41, 0x00, 0x00, 0x68, 0x41, 0x00, 0x00, 0xa0, 0x41, 0x0c, 0x00,
    0x00, 0x00, 0x30, 0x41, 0x00, 0x00, 0xa0, 0x41, 0x10, 0x00, 0x00, 0x00,
    // user @ 27500, 276 bytes
    0x01, 0x00, 0x00, 0x00, 0x00, 0x00, 0x00, 0x00, 0x00, 0x00, 0x00, 0x00, 0xc0, 0x41, 0x00, 0x00,
    0xc0, 0x41, 0x02, 0x00, 0x00, 0x00, 0x00, 0x40, 0x0b, 0x00, 0x00, 0x00, 0x98, 0x41, 0x00, 0x00,
    0xa8, 0x41, 0x0c, 0x00, 0x00, 0x00, 0x98, 0x41, 0x00, 0x00, 0x98, 0x41, 0x0d, 0x00, 0x00, 0x00,
    0x98, 0x41, 0x00, 0x72, 0x86, 0x41, 0x00, 0x8e, 0x89, 0x41, 0x00, 0x00, 0x70, 0x41, 0x00, 0x00,
    0x70, 0x41, 0x00, 0x00, 0x70, 0x41, 0x0c, 0x00, 0x00, 0x00, 0x10, 0x41, 0x00, 0x00, 0x70, 0x41,
    0x0d, 0x00, 0x02, 0xc8, 0xd9, 0x40, 0x00, 0x00, 0x70, 0x41, 0x00, 0x00, 0xa0, 0x40, 0x00, 0x72,
    0x86, 0x41, 0x00, 0x00, 0xa0, 0x40, 0x00, 0x00, 0x98, 0x41, 0x0c, 0x00, 0x00, 0x00, 0xa0, 0x40,
    0x00, 0x00, 0xa8, 0x41, 0x0b, 0x00, 0x00, 0x00, 0x40, 0x41, 0x00, 0x00, 0x40, 0x40, 0x0c, 0x00,
    0x00, 0x00, 0x40, 0x41, 0x00, 0x00, 0x40, 0x40, 0x0d, 0x00, 0xa2, 0x58, 0x63, 0x41, 0x00, 0x00,
    0x40, 0x40, 0x00, 0x00, 0x80, 0x41, 0xbc, 0x4e, 0x99, 0x40, 0x00, 0x00, 0x80, 0x41, 0x00, 0x00,
    0xe0, 0x40, 0x0c, 0x00, 0x00, 0x00, 0x80, 0x41, 0x00, 0x00, 0xe0, 0x40, 0x0d, 0x00, 0x00, 0x00,
    0x80, 0x41, 0xa2, 0x58, 0x13, 0x41, 0xa2, 0x58, 0x63, 0x41, 0x00, 0x00, 0x30, 0x41, 0x00, 0x00,
    0x40, 0x41, 0x00, 0x00, 0x30, 0x41, 0x0c, 0x00, 0x00, 0x00, 0x40, 0x41, 0x00, 0x00, 0x30, 0x41,
    0x0d, 0x00, 0x5e, 0xa7, 0x1c, 0x41, 0x00, 0x00, 0x30, 0x41, 0x00, 0x00, 0x00, 0x41, 0xa2, 0x58,
    0x13, 0x41, 0x00, 0x00, 0x00, 0x41, 0x00, 0x00, 0xe0, 0x40, 0x0c, 0x00, 0x00, 0x00, 0x00, 0x41,
    0x00, 0x00, 0xe0, 0x40, 0x0d, 0x00, 0x00, 0x00, 0x00, 0x41, 0xbc, 0x4e, 0x99, 0x40, 0x5e, 0xa7,
    0x1c, 0x41, 0x00, 0x00, 0x40, 0x40, 0x00, 0x00, 0x40, 0x41, 0x00, 0x00, 0x40, 0x40, 0x0e, 0x00,
    0x10, 0x00, 0x00, 0x00,
    // window-close @ 27776, 732 bytes
    0x01, 0x00, 0x00, 0x00, 0x00, 0x00, 0x00, 0x00, 0x00, 0x00, 0x00, 0x00, 0xc0, 0x41, 0x00, 0x00,
    0xc0, 0x41, 0x02, 0x00, 0x00, 0x00, 0x00, 0x40, 0x0b, 0x00, 0x00, 0xa0, 0x99, 0x41, 0x00, 0x00,
    0xa0, 0x41, 0x0d, 0x00, 0x00, 0x80, 0x9a, 0x41, 0x00, 0x00, 0xa0, 0x41, 0x55, 0x55, 0x9b, 0x41,
    0x55, 0xd5, 0x9f, 0x41, 0x00, 0x20, 0x9c, 0x41, 0x00, 0x80, 0x9f, 0x41, 0x0d, 0x00, 0xab, 0xea,
    0x9c, 0x41, 0xab, 0x2a, 0x9f, 0x41, 0x00, 0x98, 0x9d, 0x41, 0x55, 0xb5, 0x9e, 0x41, 0x00, 0x28,
    0x9e, 0x41, 0x00, 0x20, 0x9e, 0x41, 0x0d, 0x00, 0x00, 0xb8, 0x9e, 0x41, 0xab, 0x8a, 0x9d, 0x41,
    0xab, 0x2a, 0x9f, 0x41, 0xab, 0xda, 0x9c, 0x41, 0x00, 0x80, 0x9f, 0x41, 0x00, 0x10, 0x9c, 0x41,
    0x0d, 0x00, 0x55, 0xd5, 0x9f, 0x41, 0x55, 0x45, 0x9b, 0x41, 0x00, 0x00, 0xa0, 0x41, 0x00, 0x70,
    0x9a, 0x41, 0x00, 0x00, 0xa0, 0x41, 0x00, 0x90, 0x99, 0x41, 0x0d, 0x00, 0x00, 0x00, 0xa0, 0x41,
    0x00, 0xd0, 0x97, 0x41, 0x00, 0x60, 0x9f, 0x41, 0x00, 0x50, 0x96, 0x41, 0x00, 0x20, 0x9e, 0x41,
    0x00, 0x10, 0x95, 0x41, 0x0c, 0x00, 0x00, 0x20, 0x9e, 0x41, 0x00, 0x10, 0x95, 0x41, 0x0c, 0x00,
    0x00, 0x20, 0x52, 0x41, 0x00, 0x00, 0x40, 0x41, 0x0c, 0x00, 0x00, 0x20, 0x9e, 0x41, 0x00, 0xc0,
    0xab, 0x40, 0x0d, 0x00, 0x00, 0x60, 0x9f, 0x41, 0x00, 0xc0, 0xa6, 0x40, 0x00, 0x00, 0xa0, 0x41,
    0xab, 0xaa, 0xa0, 0x40, 0x00, 0x00, 0xa0, 0x41, 0x00, 0x80, 0x99, 0x40, 0x0d, 0x00, 0x00, 0x00,
    0xa0, 0x41, 0x00, 0x00, 0x96, 0x40, 0x55, 0xd5, 0x9f, 0x41, 0x55, 0xb5, 0x92, 0x40, 0x00, 0x80,
    0x9f, 0x41, 0x00, 0xa0, 0x8f, 0x40, 0x0d, 0x00, 0xab, 0x2a, 0x9f, 0x41, 0xab, 0x8a, 0x8c, 0x40,
    0x55, 0xb5, 0x9e, 0x41, 0x55, 0xd5, 0x89, 0x40, 0x00, 0x20, 0x9e, 0x41, 0x00, 0x80, 0x87, 0x40,
    0x0d, 0x00, 0xab, 0x8a, 0x9d, 0x41, 0xab, 0x2a, 0x85, 0x40, 0x55, 0xdd, 0x9c, 0x41, 0x55, 0x55,
    0x83, 0x40, 0x00, 0x18, 0x9c, 0x41, 0x00, 0x00, 0x82, 0x40, 0x0d, 0x00, 0xab, 0x52, 0x9b, 0x41,
    0xab, 0xaa, 0x80, 0x40, 0x00, 0x80, 0x9a, 0x41, 0x00, 0x00, 0x80, 0x40, 0x00, 0xa0, 0x99, 0x41,
    0x00, 0x00, 0x80, 0x40, 0x0d, 0x00, 0x55, 0xd5, 0x97, 0x41, 0x00, 0x00, 0x80, 0x40, 0x00, 0x50,
    0x96, 0x41, 0x00, 0x80, 0x82, 0x40, 0x00, 0x10, 0x95, 0x41, 0x00, 0x80, 0x87, 0x40, 0x0c, 0x00,
    0x00, 0x10, 0x95, 0x41, 0x00, 0x80, 0x87, 0x40, 0x0c, 0x00, 0x00, 0x00, 0x40, 0x41, 0x00, 0xe0,
    0x2d, 0x41, 0x0c, 0x00, 0x00, 0xc0, 0xab, 0x40, 0x00, 0x80, 0x87, 0x40, 0x0d, 0x00, 0x00, 0xc0,
    0xa6, 0x40, 0x00, 0x80, 0x82, 0x40, 0x00, 0xc0, 0xa0, 0x40, 0x00, 0x00, 0x80, 0x40, 0x00, 0xc0,
    0x99, 0x40, 0x00, 0x00, 0x80, 0x40, 0x0d, 0x00, 0x00, 0x40, 0x96, 0x40, 0x00, 0x00, 0x80, 0x40,
    0xab, 0xea, 0x92, 0x40, 0xab, 0xaa, 0x80, 0x40, 0x00, 0xc0, 0x8f, 0x40, 0x00, 0x00, 0x82, 0x40,
    0x0d, 0x00, 0x55, 0x95, 0x8c, 0x40, 0x55, 0x55, 0x83, 0x40, 0x55, 0xd5, 0x89, 0x40, 0x00, 0x20,
    0x85, 0x40, 0x00, 0x80, 0x87, 0x40, 0x00, 0x60, 0x87, 0x40, 0x0d, 0x00, 0xab, 0x2a, 0x85, 0x40,
    0x00, 0xa0, 0x89, 0x40, 0x55, 0x55, 0x83, 0x40, 0x55, 0x55, 0x8c, 0x40, 0x00, 0x00, 0x82, 0x40,
    0x00, 0x80, 0x8f, 0x40, 0x0d, 0x00, 0xab, 0xaa, 0x80, 0x40, 0xab, 0xaa, 0x92, 0x40, 0x00, 0x00,
    0x80, 0x40, 0x00, 0x00, 0x96, 0x40, 0x00, 0x00, 0x80, 0x40, 0x00, 0x80, 0x99, 0x40, 0x0d, 0x00,
    0x00, 0x00, 0x80, 0x40, 0xab, 0xaa, 0xa0, 0x40, 0x00, 0x80, 0x82, 0x40, 0x00, 0xc0, 0xa6, 0x40,
    0x00, 0x80, 0x87, 0x40, 0x00, 0xc0, 0xab, 0x40, 0x0c, 0x00, 0x00, 0x80, 0x87, 0x40, 0x00, 0xc0,
    0xab, 0x40, 0x0c, 0x00, 0x00, 0xe0, 0x2d, 0x41, 0x00, 0x00, 0x40, 0x41, 0x0c, 0x00, 0x00, 0x80,
    0x87, 0x40, 0x00, 0x10, 0x95, 0x41, 0x0d, 0x00, 0x00, 0x80, 0x82, 0x40, 0x00, 0x50, 0x96, 0x41,
    0x00, 0x00, 0x80, 0x40, 0x00, 0xd0, 0x97, 0x41, 0x00, 0x00, 0x80, 0x40, 0x00, 0x90, 0x99, 0x41,
    0x0d, 0x00, 0x00, 0x00, 0x80, 0x40, 0x55, 0x65, 0x9b, 0x41, 0x55, 0x75, 0x82, 0x40, 0x55, 0xed,
    0x9c, 0x41, 0x00, 0x60, 0x87, 0x40, 0x00, 0x28, 0x9e, 0x41, 0x0d, 0x00, 0xab, 0x4a, 0x8c, 0x40,
    0xab, 0x62, 0x9f, 0x41, 0xab, 0x6a, 0x92, 0x40, 0x00, 0x00, 0xa0, 0x41, 0x00, 0xc0, 0x99, 0x40,
    0x00, 0x00, 0xa0, 0x41, 0x0d, 0x00, 0x00, 0xc0, 0xa0, 0x40, 0x00, 0x00, 0xa0, 0x41, 0x00, 0xc0,
    0xa6, 0x40, 0x00, 0x60, 0x9f, 0x41, 0x00, 0xc0, 0xab, 0x40, 0x00, 0x20, 0x9e, 0x41, 0x0c, 0x00,
    0x00, 0xc0, 0xab, 0x40, 0x00, 0x20, 0x9e, 0x41, 0x0c, 0x00, 0x00, 0x00, 0x40, 0x41, 0x00, 0x20,
    0x52, 0x41, 0x0c, 0x00, 0x00, 0x10, 0x95, 0x41, 0x00, 0x20, 0x9e, 0x41, 0x0d, 0x00, 0x00, 0x50,
    0x96, 0x41, 0x00, 0x60, 0x9f, 0x41, 0x55, 0xd5, 0x97, 0x41, 0x00, 0x00, 0xa0, 0x41, 0x00, 0xa0,
    0x99, 0x41, 0x00, 0x00, 0xa0, 0x41, 0x0e, 0x00, 0x0f, 0x00, 0x00, 0x00,
    // window-maximize @ 28508, 1044 bytes
    0x01, 0x00, 0x00, 0x00, 0x00, 0x00, 0x00, 0x00, 0x00, 0x00, 0x00, 0x00, 0xc0, 0x41, 0x00, 0x00,
    0xc0, 0x41, 0x02, 0x00, 0x00, 0x00, 0x00, 0x40, 0x0b, 0x00, 0x00, 0x20, 0x8d, 0x41, 0x00, 0x00,
    0xa0, 0x41, 0x0d, 0x00, 0x00, 0xa0, 0x8f, 0x41, 0x00, 0x00, 0xa0, 0x41, 0x55, 0x05, 0x92, 0x41,
    0x55, 0x7d, 0x9f, 0x41, 0x00, 0x50, 0x94, 0x41, 0x00, 0x78, 0x9e, 0x41, 0x0d, 0x00, 0xab, 0x9a,
    0x96, 0x41, 0xab, 0x72, 0x9d, 0x41, 0x55, 0x9d, 0x98, 0x41, 0xab, 0x12, 0x9c, 0x41, 0x00, 0x58,
    0x9a, 0x41, 0x00, 0x58, 0x9a, 0x41, 0x0d, 0x00, 0xab, 0x12, 0x9c, 0x41, 0x55, 0x9d, 0x98, 0x41,
    0xab, 0x72, 0x9d, 0x41, 0xab, 0x9a, 0x96, 0x41, 0x00, 0x78, 0x9e, 0x41, 0x00, 0x50, 0x94, 0x41,
    0x0d, 0x00, 0x55, 0x7d, 0x9f, 0x41, 0x55, 0x05, 0x92, 0x41, 0x00, 0x00, 0xa0, 0x41, 0x00, 0xa0,
    0x8f, 0x41, 0x00, 0x00, 0xa0, 0x41, 0x00, 0x20, 0x8d, 0x41, 0x0c, 0x00, 0x00, 0x00, 0xa0, 0x41,
    0x00, 0x20, 0x8d, 0x41, 0x0c, 0x00, 0x00, 0x00, 0xa0, 0x41, 0x00, 0x80, 0xcb, 0x40, 0x0d, 0x00,
    0x00, 0x00, 0xa0, 0x41, 0x00, 0x80, 0xc1, 0x40, 0x55, 0x7d, 0x9f, 0x41, 0xab, 0xea, 0xb7, 0x40,
    0x00, 0x78, 0x9e, 0x41, 0x00, 0xc0, 0xae, 0x40, 0x0d, 0x00, 0xab, 0x72, 0x9d, 0x41, 0x55, 0x95,
    0xa5, 0x40, 0xab, 0x12, 0x9c, 0x41, 0xab, 0x8a, 0x9d, 0x40, 0x00, 0x58, 0x9a, 0x41, 0x00, 0xa0,
    0x96, 0x40, 0x0d, 0x00, 0x55, 0x9d, 0x98, 0x41, 0x55, 0xb5, 0x8f, 0x40, 0xab, 0x9a, 0x96, 0x41,
    0x55, 0x35, 0x8a, 0x40, 0x00, 0x50, 0x94, 0x41, 0x00, 0x20, 0x86, 0x40, 0x0d, 0x00, 0x55, 0x05,
    0x92, 0x41, 0xab, 0x0a, 0x82, 0x40, 0x00, 0xa0, 0x8f, 0x41, 0x00, 0x00, 0x80, 0x40, 0x00, 0x20,
    0x8d, 0x41, 0x00, 0x00, 0x80, 0x40, 0x0c, 0x00, 0x00, 0x20, 0x8d, 0x41, 0x00, 0x00, 0x80, 0x40,
    0x0c, 0x00, 0x00, 0x80, 0xcb, 0x40, 0x00, 0x00, 0x80, 0x40, 0x0d, 0x00, 0x00, 0x80, 0xc1, 0x40,
    0x00, 0x00, 0x80, 0x40, 0xab, 0xea, 0xb7, 0x40, 0xab, 0x0a, 0x82, 0x40, 0x00, 0xc0, 0xae, 0x40,
    0x00, 0x20, 0x86, 0x40, 0x0d, 0x00, 0x55, 0x95, 0xa5, 0x40, 0x55, 0x35, 0x8a, 0x40, 0xab, 0x8a,
    0x9d, 0x40, 0x55, 0xb5, 0x8f, 0x40, 0x00, 0xa0, 0x96, 0x40, 0x00, 0xa0, 0x96, 0x40, 0x0d, 0x00,
    0x55, 0xb5, 0x8f, 0x40, 0xab, 0x8a, 0x9d, 0x40, 0x55, 0x35, 0x8a, 0x40, 0x55, 0x95, 0xa5, 0x40,
    0x00, 0x20, 0x86, 0x40, 0x00, 0xc0, 0xae, 0x40, 0x0d, 0x00, 0xab, 0x0a, 0x82, 0x40, 0xab, 0xea,
    0xb7, 0x40, 0x00, 0x00, 0x80, 0x40, 0x00, 0x80, 0xc1, 0x40, 0x00, 0x00, 0x80, 0x40, 0x00, 0x80,
    0xcb, 0x40, 0x0c, 0x00, 0x00, 0x00, 0x80, 0x40, 0x00, 0x80, 0xcb, 0x40, 0x0c, 0x00, 0x00, 0x00,
    0x80, 0x40, 0x00, 0x20, 0x8d, 0x41, 0x0d, 0x00, 0x00, 0x00, 0x80, 0x40, 0x00, 0xa0, 0x8f, 0x41,
    0xab, 0x0a, 0x82, 0x40, 0x55, 0x05, 0x92, 0x41, 0x00, 0x20, 0x86, 0x40, 0x00, 0x50, 0x94, 0x41,
    0x0d, 0x00, 0x55, 0x35, 0x8a, 0x40, 0xab, 0x9a, 0x96, 0x41, 0x55, 0xb5, 0x8f, 0x40, 0x55, 0x9d,
    0x98, 0x41, 0x00, 0xa0, 0x96, 0x40, 0x00, 0x58, 0x9a, 0x41, 0x0d, 0x00, 0xab, 0x8a, 0x9d, 0x40,
    0xab, 0x12, 0x9c, 0x41, 0x55, 0x95, 0xa5, 0x40, 0xab, 0x72, 0x9d, 0x41, 0x00, 0xc0, 0xae, 0x40,
    0x00, 0x78, 0x9e, 0x41, 0x0d, 0x00, 0xab, 0xea, 0xb7, 0x40, 0x55, 0x7d, 0x9f, 0x41, 0x00, 0x80,
    0xc1, 0x40, 0x00, 0x00, 0xa0, 0x41, 0x00, 0x80, 0xcb, 0x40, 0x00, 0x00, 0xa0, 0x41, 0x0c, 0x00,
    0x00, 0x80, 0xcb, 0x40, 0x00, 0x00, 0xa0, 0x41, 0x0c, 0x00, 0x00, 0x20, 0x8d, 0x41, 0x00, 0x00,
    0xa0, 0x41, 0x0e, 0x00, 0x0b, 0x00, 0x00, 0xd0, 0x8c, 0x41, 0x00, 0x30, 0x93, 0x41, 0x0c, 0x00,
    0x00, 0xc0, 0xcc, 0x40, 0x00, 0x30, 0x93, 0x41, 0x0d, 0x00, 0x00, 0x40, 0xc9, 0x40, 0x00, 0x30,
    0x93, 0x41, 0x55, 0xf5, 0xc5, 0x40, 0x55, 0x05, 0x93, 0x41, 0x00, 0xe0, 0xc2, 0x40, 0x00, 0xb0,
    0x92, 0x41, 0x0d, 0x00, 0xab, 0xca, 0xbf, 0x40, 0xab, 0x5a, 0x92, 0x41, 0x55, 0x15, 0xbd, 0x40,
    0x55, 0xe5, 0x91, 0x41, 0x00, 0xc0, 0xba, 0x40, 0x00, 0x50, 0x91, 0x41, 0x0d, 0x00, 0xab, 0x6a,
    0xb8, 0x40, 0xab, 0xba, 0x90, 0x41, 0x55, 0x95, 0xb6, 0x40, 0x55, 0x0d, 0x90, 0x41, 0x00, 0x40,
    0xb5, 0x40, 0x00, 0x48, 0x8f, 0x41, 0x0d, 0x00, 0xab, 0xea, 0xb3, 0x40, 0xab, 0x82, 0x8e, 0x41,
    0x00, 0x40, 0xb3, 0x40, 0x00, 0xb0, 0x8d, 0x41, 0x00, 0x40, 0xb3, 0x40, 0x00, 0xd0, 0x8c, 0x41,
    0x0c, 0x00, 0x00, 0x40, 0xb3, 0x40, 0x00, 0xd0, 0x8c, 0x41, 0x0c, 0x00, 0x00, 0x40, 0xb3, 0x40,
    0x00, 0xc0, 0xcc, 0x40, 0x0d, 0x00, 0x00, 0x40, 0xb3, 0x40, 0x00, 0x40, 0xc9, 0x40, 0xab, 0xea,
    0xb3, 0x40, 0x55, 0xf5, 0xc5, 0x40, 0x00, 0x40, 0xb5, 0x40, 0x00, 0xe0, 0xc2, 0x40, 0x0d, 0x00,
    0x55, 0x95, 0xb6, 0x40, 0xab, 0xca, 0xbf, 0x40, 0xab, 0x6a, 0xb8, 0x40, 0x55, 0x15, 0xbd, 0x40,
    0x00, 0xc0, 0xba, 0x40, 0x00, 0xc0, 0xba, 0x40, 0x0d, 0x00, 0x55, 0x15, 0xbd, 0x40, 0xab, 0x6a,
    0xb8, 0x40, 0xab, 0xca, 0xbf, 0x40, 0x55, 0x95, 0xb6, 0x40, 0x00, 0xe0, 0xc2, 0x40, 0x00, 0x40,
    0xb5, 0x40, 0x0d, 0x00, 0x55, 0xf5, 0xc5, 0x40, 0xab, 0xea, 0xb3, 0x40, 0x00, 0x40, 0xc9, 0x40,
    0x00, 0x40, 0xb3, 0x40, 0x00, 0xc0, 0xcc, 0x40, 0x00, 0x40, 0xb3, 0x40, 0x0c, 0x00, 0x00, 0xc0,
    0xcc, 0x40, 0x00, 0x40, 0xb3, 0x40, 0x0c, 0x00, 0x00, 0xd0, 0x8c, 0x41, 0x00, 0x40, 0xb3, 0x40,
    0x0d, 0x00, 0x00, 0xb0, 0x8d, 0x41, 0x00, 0x40, 0xb3, 0x40, 0xab, 0x82, 0x8e, 0x41, 0xab, 0xea,
    0xb3, 0x40, 0x00, 0x48, 0x8f, 0x41, 0x00, 0x40, 0xb5, 0x40, 0x0d, 0x00, 0x55, 0x0d, 0x90, 0x41,
    0x55, 0x95, 0xb6, 0x40, 0xab, 0xba, 0x90, 0x41, 0xab, 0x6a, 0xb8, 0x40, 0x00, 0x50, 0x91, 0x41,
    0x00, 0xc0, 0xba, 0x40, 0x0d, 0x00, 0x55, 0xe5, 0x91, 0x41, 0x55, 0x15, 0xbd, 0x40, 0xab, 0x5a,
    0x92, 0x41, 0xab, 0xca, 0xbf, 0x40, 0x00, 0xb0, 0x92, 0x41, 0x00, 0xe0, 0xc2, 0x40, 0x0d, 0x00,
    0x55, 0x05, 0x93, 0x41, 0x55, 0xf5, 0xc5, 0x40, 0x00, 0x30, 0x93, 0x41, 0x00, 0x40, 0xc9, 0x40,
    0x00, 0x30, 0x93, 0x41, 0x00, 0xc0, 0xcc, 0x40, 0x0c, 0x00, 0x00, 0x30, 0x93, 0x41, 0x00, 0xc0,
    0xcc, 0x40, 0x0c, 0x00, 0x00, 0x30, 0x93, 0x41, 0x00, 0xd0, 0x8c, 0x41, 0x0d, 0x00, 0x00, 0x30,
    0x93, 0x41, 0x00, 0xb0, 0x8d, 0x41, 0x55, 0x05, 0x93, 0x41, 0xab, 0x82, 0x8e, 0x41, 0x00, 0xb0,
    0x92, 0x41, 0x00, 0x48, 0x8f, 0x41, 0x0d, 0x00, 0xab, 0x5a, 0x92, 0x41, 0x55, 0x0d, 0x90, 0x41,
    0x55, 0xe5, 0x91, 0x41, 0xab, 0xba, 0x90, 0x41, 0x00, 0x50, 0x91, 0x41, 0x00, 0x50, 0x91, 0x41,
    0x0d, 0x00, 0xab, 0xba, 0x90, 0x41, 0x55, 0xe5, 0x91, 0x41, 0x55, 0x0d, 0x90, 0x41, 0xab, 0x5a,
    0x92, 0x41, 0x00, 0x48, 0x8f, 0x41, 0x00, 0xb0, 0x92, 0x41, 0x0d, 0x00, 0xab, 0x82, 0x8e, 0x41,
    0x55, 0x05, 0x93, 0x41, 0x00, 0xb0, 0x8d, 0x41, 0x00, 0x30, 0x93, 0x41, 0x00, 0xd0, 0x8c, 0x41,
    0x00, 0x30, 0x93, 0x41, 0x0c, 0x00, 0x00, 0xd0, 0x8c, 0x41, 0x00, 0x30, 0x93, 0x41, 0x0e, 0x00,
    0x0f, 0x00, 0x00, 0x00,
    // window-minimize @ 29552, 496 bytes
    0x01, 0x00, 0x00, 0x00, 0x00, 0x00, 0x00, 0x00, 0x00, 0x00, 0x00, 0x00, 0xc0, 0x41, 0x00, 0x00,
    0xc0, 0x41, 0x02, 0x00, 0x00, 0x00, 0x00, 0x40, 0x0b, 0x00, 0x00, 0xa0, 0x99, 0x41, 0x00, 0x00,
    0x40, 0x41, 0x0d, 0x00, 0x00, 0x80, 0x9a, 0x41, 0x00, 0x00, 0x40, 0x41, 0xab, 0x52, 0x9b, 0x41,
    0xab, 0xaa, 0x3f, 0x41, 0x00, 0x18, 0x9c, 0x41, 0x00, 0x00, 0x3f, 0x41, 0x0d, 0x00, 0x55, 0xdd,
    0x9c, 0x41, 0x55, 0x55, 0x3e, 0x41, 0xab, 0x8a, 0x9d, 0x41, 0xab, 0x6a, 0x3d, 0x41, 0x00, 0x20,
    0x9e, 0x41, 0x00, 0x40, 0x3c, 0x41, 0x0d, 0x00, 0x55, 0xb5, 0x9e, 0x41, 0x55, 0x15, 0x3b, 0x41,
    0xab, 0x2a, 0x9f, 0x41, 0xab, 0xba, 0x39, 0x41, 0x00, 0x80, 0x9f, 0x41, 0x00, 0x30, 0x38, 0x41,
    0x0d, 0x00, 0x55, 0xd5, 0x9f, 0x41, 0x55, 0xa5, 0x36, 0x41, 0x00, 0x00, 0xa0, 0x41, 0x00, 0x00,
    0x35, 0x41, 0x00, 0x00, 0xa0, 0x41, 0x00, 0x40, 0x33, 0x41, 0x0d, 0x00, 0x00, 0x00, 0xa0, 0x41,
    0x00, 0x80, 0x31, 0x41, 0x55, 0xd5, 0x9f, 0x41, 0xab, 0xda, 0x2f, 0x41, 0x00, 0x80, 0x9f, 0x41,
    0x00, 0x50, 0x2e, 0x41, 0x0d, 0x00, 0xab, 0x2a, 0x9f, 0x41, 0x55, 0xc5, 0x2c, 0x41, 0x55, 0xb5,
    0x9e, 0x41, 0x55, 0x65, 0x2b, 0x41, 0x00, 0x20, 0x9e, 0x41, 0x00, 0x30, 0x2a, 0x41, 0x0d, 0x00,
    0xab, 0x8a, 0x9d, 0x41, 0xab, 0xfa, 0x28, 0x41, 0x55, 0xdd, 0x9c, 0x41, 0xab, 0x0a, 0x28, 0x41,
    0x00, 0x18, 0x9c, 0x41, 0x00, 0x60, 0x27, 0x41, 0x0d, 0x00, 0xab, 0x52, 0x9b, 0x41, 0x55, 0xb5,
    0x26, 0x41, 0x00, 0x80, 0x9a, 0x41, 0x00, 0x60, 0x26, 0x41, 0x00, 0xa0, 0x99, 0x41, 0x00, 0x60,
    0x26, 0x41, 0x0c, 0x00, 0x00, 0xa0, 0x99, 0x41, 0x00, 0x60, 0x26, 0x41, 0x0c, 0x00, 0x00, 0x80,
    0x99, 0x40, 0x00, 0x60, 0x26, 0x41, 0x0d, 0x00, 0x00, 0x00, 0x96, 0x40, 0x00, 0x60, 0x26, 0x41,
    0x55, 0xb5, 0x92, 0x40, 0x55, 0xb5, 0x26, 0x41, 0x00, 0xa0, 0x8f, 0x40, 0x00, 0x60, 0x27, 0x41,
    0x0d, 0x00, 0xab, 0x8a, 0x8c, 0x40, 0xab, 0x0a, 0x28, 0x41, 0x55, 0xd5, 0x89, 0x40, 0xab, 0xfa,
    0x28, 0x41, 0x00, 0x80, 0x87, 0x40, 0x00, 0x30, 0x2a, 0x41, 0x0d, 0x00, 0xab, 0x2a, 0x85, 0x40,
    0x55, 0x65, 0x2b, 0x41, 0x55, 0x55, 0x83, 0x40, 0x55, 0xc5, 0x2c, 0x41, 0x00, 0x00, 0x82, 0x40,
    0x00, 0x50, 0x2e, 0x41, 0x0d, 0x00, 0xab, 0xaa, 0x80, 0x40, 0xab, 0xda, 0x2f, 0x41, 0x00, 0x00,
    0x80, 0x40, 0x00, 0x80, 0x31, 0x41, 0x00, 0x00, 0x80, 0x40, 0x00, 0x40, 0x33, 0x41, 0x0d, 0x00,
    0x00, 0x00, 0x80, 0x40, 0x00, 0x00, 0x35, 0x41, 0xab, 0xaa, 0x80, 0x40, 0x55, 0xa5, 0x36, 0x41,
    0x00, 0x00, 0x82, 0x40, 0x00, 0x30, 0x38, 0x41, 0x0d, 0x00, 0x55, 0x55, 0x83, 0x40, 0xab, 0xba,
    0x39, 0x41, 0xab, 0x2a, 0x85, 0x40, 0x55, 0x15, 0x3b, 0x41, 0x00, 0x80, 0x87, 0x40, 0x00, 0x40,
    0x3c, 0x41, 0x0d, 0x00, 0x55, 0xd5, 0x89, 0x40, 0xab, 0x6a, 0x3d, 0x41, 0xab, 0x8a, 0x8c, 0x40,
    0x55, 0x55, 0x3e, 0x41, 0x00, 0xa0, 0x8f, 0x40, 0x00, 0x00, 0x3f, 0x41, 0x0d, 0x00, 0x55, 0xb5,
    0x92, 0x40, 0xab, 0xaa, 0x3f, 0x41, 0x00, 0x00, 0x96, 0x40, 0x00, 0x00, 0x40, 0x41, 0x00, 0x80,
    0x99, 0x40, 0x00, 0x00, 0x40, 0x41, 0x0c, 0x00, 0x00, 0x80, 0x99, 0x40, 0x00, 0x00, 0x40, 0x41,
    0x0c, 0x00, 0x00, 0xa0, 0x99, 0x41, 0x00, 0x00, 0x40, 0x41, 0x0e, 0x00, 0x0f, 0x00, 0x00, 0x00,
    // window-restore @ 30048, 1552 bytes
    0x01, 0x00, 0x00, 0x00, 0x00, 0x00, 0x00, 0x00, 0x00, 0x00, 0x00, 0x00, 0xc0, 0x41, 0x00, 0x00,
    0xc0, 0x41, 0x02, 0x00, 0x00, 0x00, 0x00, 0x40, 0x0b, 0x00, 0x00, 0x30, 0x93, 0x41, 0x00, 0x50,
    0x85, 0x41, 0x0d, 0x00, 0xab, 0x1a, 0x95, 0x41, 0x55, 0xa5, 0x84, 0x41, 0xab, 0xda, 0x96, 0x41,
    0x55, 0xb5, 0x83, 0x41, 0x00, 0x70, 0x98, 0x41, 0x00, 0x80, 0x82, 0x41, 0x0d, 0x00, 0x55, 0x05,
    0x9a, 0x41, 0xab, 0x4a, 0x81, 0x41, 0x00, 0x60, 0x9b, 0x41, 0xab, 0xca, 0x7f, 0x41, 0x00, 0x80,
    0x9c, 0x41, 0x00, 0xa0, 0x7c, 0x41, 0x0d, 0x00, 0x00, 0xa0, 0x9d, 0x41, 0x55, 0x75, 0x79, 0x41,
    0x55, 0x7d, 0x9e, 0x41, 0xab, 0xfa, 0x75, 0x41, 0x00, 0x18, 0x9f, 0x41, 0x00, 0x30, 0x72, 0x41,
    0x0d, 0x00, 0xab, 0xb2, 0x9f, 0x41, 0x55, 0x65, 0x6e, 0x41, 0x00, 0x00, 0xa0, 0x41, 0x55, 0x75,
    0x6a, 0x41, 0x00, 0x00, 0xa0, 0x41, 0x00, 0x60, 0x66, 0x41, 0x0c, 0x00, 0x00, 0x00, 0xa0, 0x41,
    0x00, 0x60, 0x66, 0x41, 0x0c, 0x00, 0x00, 0x00, 0xa0, 0x41, 0x00, 0xc0, 0x0c, 0x41, 0x0d, 0x00,
    0x00, 0x00, 0xa0, 0x41, 0xab, 0x2a, 0x02, 0x41, 0x55, 0xfd, 0x9e, 0x41, 0xab, 0x6a, 0xf0, 0x40,
    0x00, 0xf8, 0x9c, 0x41, 0x00, 0xc0, 0xdd, 0x40, 0x0d, 0x00, 0xab, 0xf2, 0x9a, 0x41, 0x55, 0x15,
    0xcb, 0x40, 0xab, 0x32, 0x98, 0x41, 0x55, 0xd5, 0xba, 0x40, 0x00, 0xb8, 0x94, 0x41, 0x00, 0x00,
    0xad, 0x40, 0x0d, 0x00, 0x55, 0x3d, 0x91, 0x41, 0xab, 0x2a, 0x9f, 0x40, 0xab, 0x2a, 0x8d, 0x41,
    0x55, 0x35, 0x94, 0x40, 0x00, 0x80, 0x88, 0x41, 0x00, 0x20, 0x8c, 0x40, 0x0d, 0x00, 0x55, 0xd5,
    0x83, 0x41, 0xab, 0x0a, 0x84, 0x40, 0x55, 0xb5, 0x7d, 0x41, 0x00, 0x00, 0x80, 0x40, 0x00, 0x20,
    0x73, 0x41, 0x00, 0x00, 0x80, 0x40, 0x0c, 0x00, 0x00, 0x20, 0x73, 0x41, 0x00, 0x00, 0x80, 0x40,
    0x0c, 0x00, 0x00, 0xa0, 0x19, 0x41, 0x00, 0x00, 0x80, 0x40, 0x0d, 0x00, 0xab, 0x8a, 0x15, 0x41,
    0x00, 0x00, 0x80, 0x40, 0xab, 0x9a, 0x11, 0x41, 0x55, 0x35, 0x81, 0x40, 0x00, 0xd0, 0x0d, 0x41,
    0x00, 0xa0, 0x83, 0x40, 0x0d, 0x00, 0x55, 0x05, 0x0a, 0x41, 0xab, 0x0a, 0x86, 0x40, 0xab, 0x8a,
    0x06, 0x41, 0x00, 0x80, 0x89, 0x40, 0x00, 0x60, 0x03, 0x41, 0x00, 0x00, 0x8e, 0x40, 0x0d, 0x00,
    0x55, 0x35, 0x00, 0x41, 0x00, 0x80, 0x92, 0x40, 0x55, 0xd5, 0xfa, 0x40, 0xab, 0xea, 0x97, 0x40,
    0x00, 0x00, 0xf6, 0x40, 0x00, 0x40, 0x9e, 0x40, 0x0d, 0x00, 0xab, 0x2a, 0xf1, 0x40, 0x55, 0x95,
    0xa4, 0x40, 0xab, 0x6a, 0xed, 0x40, 0x55, 0x95, 0xab, 0x40, 0x00, 0xc0, 0xea, 0x40, 0x00, 0x40,
    0xb3, 0x40, 0x0c, 0x00, 0x00, 0xc0, 0xea, 0x40, 0x00, 0x40, 0xb3, 0x40, 0x0c, 0x00, 0x00, 0x20,
    0x73, 0x41, 0x00, 0x40, 0xb3, 0x40, 0x0d, 0x00, 0x55, 0xf5, 0x79, 0x41, 0x00, 0x40, 0xb3, 0x40,
    0x55, 0x3d, 0x80, 0x41, 0x00, 0xe0, 0xb5, 0x40, 0x00, 0x58, 0x83, 0x41, 0x00, 0x20, 0xbb, 0x40,
    0x0d, 0x00, 0xab, 0x72, 0x86, 0x41, 0x00, 0x60, 0xc0, 0x40, 0x55, 0x2d, 0x89, 0x41, 0xab, 0x8a,
    0xc7, 0x40, 0x00, 0x88, 0x8b, 0x41, 0x00, 0xa0, 0xd0, 0x40, 0x0d, 0x00, 0xab, 0xe2, 0x8d, 0x41,
    0x55, 0xb5, 0xd9, 0x40, 0x00, 0xc0, 0x8f, 0x41, 0x00, 0x60, 0xe4, 0x40, 0x00, 0x20, 0x91, 0x41,
    0x00, 0xa0, 0xf0, 0x40, 0x0d, 0x00, 0x00, 0x80, 0x92, 0x41, 0x00, 0xe0, 0xfc, 0x40, 0x00, 0x30,
    0x93, 0x41, 0x55, 0xf5, 0x04, 0x41, 0x00, 0x30, 0x93, 0x41, 0x00, 0xe0, 0x0b, 0x41, 0x0c, 0x00,
    0x00, 0x30, 0x93, 0x41, 0x00, 0xe0, 0x0b, 0x41, 0x0c, 0x00, 0x00, 0x30, 0x93, 0x41, 0x00, 0x50,
    0x85, 0x41, 0x0e, 0x00, 0x0b, 0x00, 0x00, 0x00, 0x67, 0x41, 0x00, 0x00, 0xa0, 0x41, 0x0d, 0x00,
    0x55, 0x15, 0x6c, 0x41, 0x00, 0x00, 0xa0, 0x41, 0x55, 0xe5, 0x70, 0x41, 0x55, 0x7d, 0x9f, 0x41,
    0x00, 0x70, 0x75, 0x41, 0x00, 0x78, 0x9e, 0x41, 0x0d, 0x00, 0xab, 0xfa, 0x79, 0x41, 0xab, 0x72,
    0x9d, 0x41, 0xab, 0xfa, 0x7d, 0x41, 0xab, 0x12, 0x9c, 0x41, 0x00, 0xb8, 0x80, 0x41, 0x00, 0x58,
    0x9a, 0x41, 0x0d, 0x00, 0xab, 0x72, 0x82, 0x41, 0x55, 0x9d, 0x98, 0x41, 0xab, 0xd2, 0x83, 0x41,
    0x55, 0x9d, 0x96, 0x41, 0x00, 0xd8, 0x84, 0x41, 0x00, 0x58, 0x94, 0x41, 0x0d, 0x00, 0x55, 0xdd,
    0x85, 0x41, 0xab, 0x12, 0x92, 0x41, 0x00, 0x60, 0x86, 0x41, 0xab, 0xaa, 0x8f, 0x41, 0x00, 0x60,
    0x86, 0x41, 0x00, 0x20, 0x8d, 0x41, 0x0c, 0x00, 0x00, 0x60, 0x86, 0x41, 0x00, 0x20, 0x8d, 0x41,
    0x0c, 0x00, 0x00, 0x60, 0x86, 0x41, 0x00, 0x00, 0x19, 0x41, 0x0d, 0x00, 0x00, 0x60, 0x86, 0x41,
    0xab, 0xea, 0x13, 0x41, 0x55, 0xdd, 0x85, 0x41, 0x55, 0x15, 0x0f, 0x41, 0x00, 0xd8, 0x84, 0x41,
    0x00, 0x80, 0x0a, 0x41, 0x0d, 0x00, 0xab, 0xd2, 0x83, 0x41, 0xab, 0xea, 0x05, 0x41, 0x55, 0x75,
    0x82, 0x41, 0xab, 0xea, 0x01, 0x41, 0x00, 0xc0, 0x80, 0x41, 0x00, 0x00, 0xfd, 0x40, 0x0d, 0x00,
    0x55, 0x15, 0x7e, 0x41, 0xab, 0x2a, 0xf6, 0x40, 0x55, 0x15, 0x7a, 0x41, 0x55, 0xb5, 0xf0, 0x40,
    0x00, 0x80, 0x75, 0x41, 0x00, 0xa0, 0xec, 0x40, 0x0d, 0x00, 0xab, 0xea, 0x70, 0x41, 0xab, 0x8a,
    0xe8, 0x40, 0x55, 0x15, 0x6c, 0x41, 0x00, 0x80, 0xe6, 0x40, 0x00, 0x00, 0x67, 0x41, 0x00, 0x80,
    0xe6, 0x40, 0x0c, 0x00, 0x00, 0x00, 0x67, 0x41, 0x00, 0x80, 0xe6, 0x40, 0x0c, 0x00, 0x00, 0x80,
    0xcb, 0x40, 0x00, 0x80, 0xe6, 0x40, 0x0d, 0x00, 0x55, 0x55, 0xc1, 0x40, 0x00, 0x80, 0xe6, 0x40,
    0x55, 0xb5, 0xb7, 0x40, 0xab, 0x8a, 0xe8, 0x40, 0x00, 0xa0, 0xae, 0x40, 0x00, 0xa0, 0xec, 0x40,
    0x0d, 0x00, 0xab, 0x8a, 0xa5, 0x40, 0x55, 0xb5, 0xf0, 0x40, 0xab, 0x8a, 0x9d, 0x40, 0x55, 0x35,
    0xf6, 0x40, 0x00, 0xa0, 0x96, 0x40, 0x00, 0x20, 0xfd, 0x40, 0x0d, 0x00, 0x55, 0xb5, 0x8f, 0x40,
    0x55, 0x05, 0x02, 0x41, 0x55, 0x35, 0x8a, 0x40, 0x55, 0x05, 0x06, 0x41, 0x00, 0x20, 0x86, 0x40,
    0x00, 0x90, 0x0a, 0x41, 0x0d, 0x00, 0xab, 0x0a, 0x82, 0x40, 0xab, 0x1a, 0x0f, 0x41, 0x00, 0x00,
    0x80, 0x40, 0xab, 0xea, 0x13, 0x41, 0x00, 0x00, 0x80, 0x40, 0x00, 0x00, 0x19, 0x41, 0x0c, 0x00,
    0x00, 0x00, 0x80, 0x40, 0x00, 0x00, 0x19, 0x41, 0x0c, 0x00, 0x00, 0x00, 0x80, 0x40, 0x00, 0x20,
    0x8d, 0x41, 0x0d, 0x00, 0x00, 0x00, 0x80, 0x40, 0x00, 0xa0, 0x8f, 0x41, 0xab, 0x0a, 0x82, 0x40,
    0x55, 0x05, 0x92, 0x41, 0x00, 0x20, 0x86, 0x40, 0x00, 0x50, 0x94, 0x41, 0x0d, 0x00, 0x55, 0x35,
    0x8a, 0x40, 0xab, 0x9a, 0x96, 0x41, 0x55, 0xb5, 0x8f, 0x40, 0x55, 0x9d, 0x98, 0x41, 0x00, 0xa0,
    0x96, 0x40, 0x00, 0x58, 0x9a, 0x41, 0x0d, 0x00, 0xab, 0x8a, 0x9d, 0x40, 0xab, 0x12, 0x9c, 0x41,
    0x55, 0x95, 0xa5, 0x40, 0xab, 0x72, 0x9d, 0x41, 0x00, 0xc0, 0xae, 0x40, 0x00, 0x78, 0x9e, 0x41,
    0x0d, 0x00, 0xab, 0xea, 0xb7, 0x40, 0x55, 0x7d, 0x9f, 0x41, 0x00, 0x80, 0xc1, 0x40, 0x00, 0x00,
    0xa0, 0x41, 0x00, 0x80, 0xcb, 0x40, 0x00, 0x00, 0xa0, 0x41, 0x0c, 0x00, 0x00, 0x80, 0xcb, 0x40,
    0x00, 0x00, 0xa0, 0x41, 0x0c, 0x00, 0x00, 0x00, 0x67, 0x41, 0x00, 0x00, 0xa0, 0x41, 0x0e, 0x00,
    0x0b, 0x00, 0x00, 0x60, 0x66, 0x41, 0x00, 0x30, 0x93, 0x41, 0x0c, 0x00, 0x00, 0xc0, 0xcc, 0x40,
    0x00, 0x30, 0x93, 0x41, 0x0d, 0x00, 0x00, 0x40, 0xc9, 0x40, 0x00, 0x30, 0x93, 0x41, 0x55, 0xf5,
    0xc5, 0x40, 0x55, 0x05, 0x93, 0x41, 0x00, 0xe0, 0xc2, 0x40, 0x00, 0xb0, 0x92, 0x41, 0x0d, 0x00,
    0xab, 0xca, 0xbf, 0x40, 0xab, 0x5a, 0x92, 0x41, 0x55, 0x15, 0xbd, 0x40, 0x55, 0xe5, 0x91, 0x41,
    0x00, 0xc0, 0xba, 0x40, 0x00, 0x50, 0x91, 0x41, 0x0d, 0x00, 0xab, 0x6a, 0xb8, 0x40, 0xab, 0xba,
    0x90, 0x41, 0x55, 0x95, 0xb6, 0x40, 0x55, 0x0d, 0x90, 0x41, 0x00, 0x40, 0xb5, 0x40, 0x00, 0x48,
    0x8f, 0x41, 0x0d, 0x00, 0xab, 0xea, 0xb3, 0x40, 0xab, 0x82, 0x8e, 0x41, 0x00, 0x40, 0xb3, 0x40,
    0x00, 0xb0, 0x8d, 0x41, 0x00, 0x40, 0xb3, 0x40, 0x00, 0xd0, 0x8c, 0x41, 0x0c, 0x00, 0x00, 0x40,
    0xb3, 0x40, 0x00, 0xd0, 0x8c, 0x41, 0x0c, 0x00, 0x00, 0x40, 0xb3, 0x40, 0x00, 0xa0, 0x19, 0x41,
    0x0d, 0x00, 0x00, 0x40, 0xb3, 0x40, 0x00, 0xe0, 0x17, 0x41, 0xab, 0xea, 0xb3, 0x40, 0xab, 0x3a,
    0x16, 0x41, 0x00, 0x40, 0xb5, 0x40, 0x00, 0xb0, 0x14, 0x41, 0x0d, 0x00, 0x55, 0x95, 0xb6, 0x40,
    0x55, 0x25, 0x13, 0x41, 0xab, 0x6a, 0xb8, 0x40, 0x55, 0xc5, 0x11, 0x41, 0x00, 0xc0, 0xba, 0x40,
    0x00, 0x90, 0x10, 0x41, 0x0d, 0x00, 0x55, 0x15, 0xbd, 0x40, 0xab, 0x5a, 0x0f, 0x41, 0xab, 0xca,
    0xbf, 0x40, 0xab, 0x6a, 0x0e, 0x41, 0x00, 0xe0, 0xc2, 0x40, 0x00, 0xc0, 0x0d, 0x41, 0x0d, 0x00,
    0x55, 0xf5, 0xc5, 0x40, 0x55, 0x15, 0x0d, 0x41, 0x00, 0x40, 0xc9, 0x40, 0x00, 0xc0, 0x0c, 0x41,
    0x00, 0xc0, 0xcc, 0x40, 0x00, 0xc0, 0x0c, 0x41, 0x0c, 0x00, 0x00, 0xc0, 0xcc, 0x40, 0x00, 0xc0,
    0x0c, 0x41, 0x0c, 0x00, 0x00, 0x60, 0x66, 0x41, 0x00, 0xc0, 0x0c, 0x41, 0x0d, 0x00, 0x00, 0x20,
    0x68, 0x41, 0x00, 0xc0, 0x0c, 0x41, 0xab, 0xca, 0x69, 0x41, 0x55, 0x15, 0x0d, 0x41, 0x00, 0x60,
    0x6b, 0x41, 0x00, 0xc0, 0x0d, 0x41, 0x0d, 0x00, 0x55, 0xf5, 0x6c, 0x41, 0xab, 0x6a, 0x0e, 0x41,
    0x55, 0x55, 0x6e, 0x41, 0x55, 0x55, 0x0f, 0x41, 0x00, 0x80, 0x6f, 0x41, 0x00, 0x80, 0x10, 0x41,
    0x0d, 0x00, 0xab, 0xaa, 0x70, 0x41, 0xab, 0xaa, 0x11, 0x41, 0x55, 0x95, 0x71, 0x41, 0xab, 0x0a,
    0x13, 0x41, 0x00, 0x40, 0x72, 0x41, 0x00, 0xa0, 0x14, 0x41, 0x0d, 0x00, 0xab, 0xea, 0x72, 0x41,
    0x55, 0x35, 0x16, 0x41, 0x00, 0x40, 0x73, 0x41, 0x00, 0xe0, 0x17, 0x41, 0x00, 0x40, 0x73, 0x41,
    0x00, 0xa0, 0x19, 0x41, 0x0c, 0x00, 0x00, 0x40, 0x73, 0x41, 0x00, 0xa0, 0x19, 0x41, 0x0c, 0x00,
    0x00, 0x40, 0x73, 0x41, 0x00, 0xd0, 0x8c, 0x41, 0x0d, 0x00, 0x00, 0x40, 0x73, 0x41, 0x00, 0xb0,
    0x8d, 0x41, 0xab, 0xea, 0x72, 0x41, 0xab, 0x82, 0x8e, 0x41, 0x00, 0x40, 0x72, 0x41, 0x00, 0x48,
    0x8f, 0x41, 0x0d, 0x00, 0x55, 0x95, 0x71, 0x41, 0x55, 0x0d, 0x90, 0x41, 0x55, 0xa5, 0x70, 0x41,
    0xab, 0xba, 0x90, 0x41, 0x00, 0x70, 0x6f, 0x41, 0x00, 0x50, 0x91, 0x41, 0x0d, 0x00, 0xab, 0x3a,
    0x6e, 0x41, 0x55, 0xe5, 0x91, 0x41, 0xab, 0xda, 0x6c, 0x41, 0xab, 0x5a, 0x92, 0x41, 0x00, 0x50,
    0x6b, 0x41, 0x00, 0xb0, 0x92, 0x41, 0x0d, 0x00, 0x55, 0xc5, 0x69, 0x41, 0x55, 0x05, 0x93, 0x41,
    0x00, 0x20, 0x68, 0x41, 0x00, 0x30, 0x93, 0x41, 0x00, 0x60, 0x66, 0x41, 0x00, 0x30, 0x93, 0x41,
    0x0c, 0x00, 0x00, 0x60, 0x66, 0x41, 0x00, 0x30, 0x93, 0x41, 0x0e, 0x00, 0x0f, 0x00, 0x00, 0x00,
    // x @ 31600, 68 bytes
    0x01, 0x00, 0x00, 0x00, 0x00, 0x00, 0x00, 0x00, 0x00, 0x00, 0x00, 0x00, 0xc0, 0x41, 0x00, 0x00,
    0xc0, 0x41, 0x02, 0x00, 0x00, 0x00, 0x00, 0x40, 0x0b, 0x00, 0x00, 0x00, 0x90, 0x41, 0x00, 0x00,
    0xc0, 0x40, 0x0c, 0x00, 0x00, 0x00, 0xc0, 0x40, 0x00, 0x00, 0x90, 0x41, 0x0b, 0x00, 0x00, 0x00,
    0xc0, 0x40, 0x00, 0x00, 0xc0, 0x40, 0x0c, 0x00, 0x00, 0x00, 0x90, 0x41, 0x00, 0x00, 0x90, 0x41,
    0x10, 0x00, 0x00, 0x00,
};
const int kAssetIconsDataLen = 31668;

// The names, as one SeqStrings run in the same order as the table
// below: the table carries no pointer per icon and the linker no
// relocation per pointer.
const char kAssetIconNames[] =
    "a-large-small\0"
    "arrow-down\0"
    "arrow-left\0"
    "arrow-right\0"
    "arrow-up\0"
    "asterisk\0"
    "at-sign\0"
    "ban\0"
    "battery\0"
    "battery-charging\0"
    "battery-full\0"
    "battery-low\0"
    "battery-medium\0"
    "battery-warning\0"
    "bell\0"
    "book-open\0"
    "bot\0"
    "building-2\0"
    "calendar\0"
    "case-sensitive\0"
    "chart-pie\0"
    "check\0"
    "chevron-down\0"
    "chevron-left\0"
    "chevron-right\0"
    "chevron-up\0"
    "chevrons-up-down\0"
    "circle-alert\0"
    "circle-check\0"
    "circle-user\0"
    "circle-x\0"
    "close\0"
    "copy\0"
    "cpu\0"
    "dash\0"
    "delete\0"
    "ellipsis\0"
    "ellipsis-vertical\0"
    "external-link\0"
    "eye\0"
    "eye-off\0"
    "file\0"
    "file-text\0"
    "folder\0"
    "folder-closed\0"
    "folder-open\0"
    "frame\0"
    "gallery-vertical-end\0"
    "github\0"
    "globe\0"
    "hard-drive\0"
    "heart\0"
    "heart-off\0"
    "image\0"
    "inbox\0"
    "info\0"
    "inspector\0"
    "layout-dashboard\0"
    "loader\0"
    "loader-circle\0"
    "map\0"
    "maximize\0"
    "memory-stick\0"
    "menu\0"
    "minimize\0"
    "minus\0"
    "moon\0"
    "network\0"
    "palette\0"
    "panel-bottom\0"
    "panel-bottom-open\0"
    "panel-left\0"
    "panel-left-close\0"
    "panel-left-open\0"
    "panel-right\0"
    "panel-right-close\0"
    "panel-right-open\0"
    "pause\0"
    "play\0"
    "plus\0"
    "redo\0"
    "redo-2\0"
    "refresh-cw\0"
    "replace\0"
    "resize-corner\0"
    "rotate-cw\0"
    "save\0"
    "search\0"
    "settings\0"
    "settings-2\0"
    "sort-ascending\0"
    "sort-descending\0"
    "sparkles\0"
    "square-terminal\0"
    "star\0"
    "star-fill\0"
    "star-off\0"
    "sun\0"
    "thumbs-down\0"
    "thumbs-up\0"
    "triangle-alert\0"
    "undo\0"
    "undo-2\0"
    "user\0"
    "window-close\0"
    "window-maximize\0"
    "window-minimize\0"
    "window-restore\0"
    "x\0";

// Where each icon sits in kAssetIconsData, in name order.
const AssetIcon kAssetIcons[] = {
    {0, 232}, // a-large-small
    {232, 78}, // arrow-down
    {310, 78}, // arrow-left
    {388, 78}, // arrow-right
    {466, 78}, // arrow-up
    {544, 88}, // asterisk
    {632, 370}, // at-sign
    {1002, 204}, // ban
    {1206, 204}, // battery
    {1410, 272}, // battery-charging
    {1682, 264}, // battery-full
    {1946, 224}, // battery-low
    {2170, 244}, // battery-medium
    {2414, 272}, // battery-warning
    {2686, 318}, // bell
    {3004, 58}, // book-open
    {3062, 294}, // bot
    {3356, 406}, // building-2
    {3762, 244}, // calendar
    {4006, 306}, // case-sensitive
    {4312, 242}, // chart-pie
    {4554, 58}, // check
    {4612, 58}, // chevron-down
    {4670, 58}, // chevron-left
    {4728, 58}, // chevron-right
    {4786, 58}, // chevron-up
    {4844, 88}, // chevrons-up-down
    {4932, 224}, // circle-alert
    {5156, 214}, // circle-check
    {5370, 432}, // circle-user
    {5802, 224}, // circle-x
    {6026, 68}, // close
    {6094, 292}, // copy
    {6386, 580}, // cpu
    {6966, 48}, // dash
    {7014, 276}, // delete
    {7290, 496}, // ellipsis
    {7786, 496}, // ellipsis-vertical
    {8282, 206}, // external-link
    {8488, 350}, // eye
    {8838, 312}, // eye-off
    {9150, 266}, // file
    {9416, 326}, // file-text
    {9742, 246}, // folder
    {9988, 266}, // folder-closed
    {10254, 362}, // folder-open
    {10616, 108}, // frame
    {10724, 224}, // gallery-vertical-end
    {10948, 688}, // github
    {11636, 266}, // globe
    {11902, 306}, // hard-drive
    {12208, 318}, // heart
    {12526, 348}, // heart-off
    {12874, 396}, // image
    {13270, 264}, // inbox
    {13534, 224}, // info
    {13758, 480}, // inspector
    {14238, 652}, // layout-dashboard
    {14890, 188}, // loader
    {15078, 142}, // loader-circle
    {15220, 410}, // map
    {15630, 252}, // maximize
    {15882, 384}, // memory-stick
    {16266, 88}, // menu
    {16354, 252}, // minimize
    {16606, 48}, // minus
    {16654, 220}, // moon
    {16874, 608}, // network
    {17482, 892}, // palette
    {18374, 204}, // panel-bottom
    {18578, 234}, // panel-bottom-open
    {18812, 204}, // panel-left
    {19016, 234}, // panel-left-close
    {19250, 234}, // panel-left-open
    {19484, 204}, // panel-right
    {19688, 234}, // panel-right-close
    {19922, 234}, // panel-right-open
    {20156, 340}, // pause
    {20496, 216}, // play
    {20712, 68}, // plus
    {20780, 130}, // redo
    {20910, 140}, // redo-2
    {21050, 232}, // refresh-cw
    {21282, 414}, // replace
    {21696, 88}, // resize-corner
    {21784, 182}, // rotate-cw
    {21966, 358}, // save
    {22324, 204}, // search
    {22528, 818}, // settings
    {23346, 380}, // settings-2
    {23726, 88}, // sort-ascending
    {23814, 88}, // sort-descending
    {23902, 618}, // sparkles
    {24520, 234}, // square-terminal
    {24754, 520}, // star
    {25274, 140}, // star-fill
    {25414, 532}, // star-off
    {25946, 344}, // sun
    {26290, 338}, // thumbs-down
    {26628, 338}, // thumbs-up
    {26966, 264}, // triangle-alert
    {27230, 130}, // undo
    {27360, 140}, // undo-2
    {27500, 276}, // user
    {27776, 732}, // window-close
    {28508, 1044}, // window-maximize
    {29552, 496}, // window-minimize
    {30048, 1552}, // window-restore
    {31600, 68}, // x
};
const int kAssetIconsCount = 109;

} // namespace gpui
